split_id,propn,PERSON,NORP,FAC,ORG,GPE,LOC,PRODUCT,EVENT,WORK_OF_ART,LAW,LANGUAGE,n_noun,n_adj,n_adp,n_det,n_pron,n_verb,n_adv,n_intj,n_total,f_score
dev_1590,1,0,0,0,0,0,0,0,0,1,0,0,4,7,0,3,1,1,0,0,32,68.7500
dev_1544,0,0,0,0,0,0,0,0,0,0,0,0,7,1,1,2,2,5,4,0,29,50.0000
dev_1646,1,0,0,0,0,1,0,0,0,0,0,0,5,2,4,1,1,1,1,0,23,69.5652
dev_1557,1,0,0,0,0,0,0,0,1,0,0,0,6,0,4,4,0,3,1,0,25,70.0000
dev_1609,1,1,0,0,0,0,0,0,0,0,0,0,6,1,2,1,0,2,1,0,22,65.9091
dev_1601,0,0,0,0,0,0,0,0,0,0,0,0,6,0,3,1,1,5,0,0,26,57.6923
dev_1627,1,0,0,0,1,1,1,0,0,0,0,0,3,3,4,0,1,2,0,0,21,66.6667
dev_1638,1,0,0,0,0,1,1,0,0,0,0,0,3,2,2,2,0,1,1,0,16,71.8750
dev_1520,1,0,0,0,0,1,0,0,0,0,0,0,4,1,5,2,2,4,1,0,27,59.2593
dev_1568,1,0,1,0,0,0,0,0,0,1,0,0,5,6,4,1,2,2,3,0,35,62.8571
dev_1630,1,1,0,0,1,1,0,0,0,0,0,0,2,1,3,2,0,4,2,0,29,53.4483
dev_1658,0,0,0,0,0,0,0,0,0,0,0,0,5,2,1,3,0,2,1,0,20,70.0000
dev_1562,0,0,0,0,0,0,0,0,0,0,0,0,5,3,2,3,1,2,0,0,19,76.3158
dev_1525,1,0,0,1,0,1,1,0,0,0,0,0,12,8,3,4,0,4,0,0,46,75.0000
dev_1648,1,0,0,0,0,1,0,0,0,0,0,0,3,2,2,2,1,1,2,0,17,64.7059
dev_1578,1,1,0,0,0,0,0,0,0,0,0,0,2,0,1,2,0,2,1,0,12,58.3333
dev_1548,0,0,0,0,0,0,0,0,0,0,0,0,3,0,1,1,4,2,1,0,17,44.1176
dev_1561,1,0,1,0,0,0,0,0,0,0,0,0,1,4,1,0,1,1,0,0,16,62.5000
dev_1559,0,0,1,0,0,0,0,0,0,0,0,0,2,3,1,0,1,2,2,0,16,53.1250
dev_1653,1,0,0,0,1,0,0,0,0,0,0,0,4,1,4,3,0,1,0,0,31,67.7419
dev_1528,0,0,0,0,0,0,0,0,0,0,0,0,5,2,2,1,0,1,0,0,12,87.5000
dev_1628,0,0,0,0,0,0,0,0,0,0,0,0,5,2,2,0,1,2,0,0,19,65.7895
dev_1602,1,0,1,0,0,0,1,0,0,0,0,0,8,2,4,1,1,2,2,0,31,66.1290
dev_1629,0,0,0,0,0,0,0,0,0,0,0,0,5,3,2,2,0,4,1,0,29,62.0690
dev_1569,1,0,0,0,0,1,1,0,0,0,0,0,5,1,6,6,0,1,0,0,26,82.6923
dev_1555,0,0,0,0,0,0,0,0,0,0,0,0,5,1,3,2,1,1,0,0,15,80.0000
dev_1610,0,0,0,0,0,0,0,0,0,0,0,0,5,3,2,0,1,3,0,0,17,67.6471
dev_1651,0,0,0,0,0,0,0,0,0,0,0,0,3,1,1,2,1,3,2,0,18,52.7778
dev_1577,0,0,0,0,0,0,0,0,0,0,0,0,1,1,1,0,3,2,1,0,16,40.6250
dev_1521,0,0,0,0,0,0,0,0,0,0,0,0,3,0,1,2,1,2,5,0,17,44.1176
dev_1538,1,0,0,1,1,0,0,0,0,0,0,0,4,2,3,3,0,3,2,0,27,62.9630
dev_1540,1,0,0,0,1,0,0,0,0,0,0,0,4,1,3,2,1,2,2,0,25,60.0000
dev_1518,1,0,0,0,0,1,0,0,0,0,0,1,5,1,3,3,1,2,0,0,23,69.5652
dev_1621,1,0,1,0,0,0,0,0,0,0,0,0,3,0,3,3,0,2,1,0,15,70.0000
dev_1512,0,0,0,0,0,0,0,0,0,0,0,0,7,6,1,3,2,3,1,0,32,67.1875
dev_1535,0,0,0,0,0,0,0,0,0,0,0,0,12,3,2,0,1,7,1,0,34,61.7647
dev_1652,1,0,1,0,0,1,0,0,0,0,0,0,1,1,1,1,0,0,0,0,9,72.2222
dev_1533,1,0,0,0,1,0,0,0,0,0,0,0,6,3,3,1,0,1,1,0,22,75.0000
dev_1633,0,0,0,0,0,0,0,0,0,0,0,0,5,2,3,2,1,3,1,0,22,65.9091
dev_1547,1,0,0,0,1,1,0,0,0,0,0,0,3,1,1,1,0,2,2,0,17,55.8824
dev_1622,1,1,0,0,0,1,0,0,0,0,0,0,1,0,0,1,0,1,0,0,9,55.5556
dev_1546,0,0,0,0,0,0,0,0,0,0,0,0,13,1,3,6,2,4,3,0,48,64.5833
dev_1626,1,0,0,1,0,0,0,0,1,0,0,0,8,2,6,3,2,2,0,0,37,70.2703
dev_1655,1,1,0,0,0,0,0,0,0,0,0,0,5,1,3,0,0,2,0,0,27,62.9630
dev_1584,1,1,0,0,0,0,0,0,0,0,0,0,5,2,1,0,0,1,2,0,18,63.8889
dev_1619,1,0,1,0,0,0,0,0,0,0,0,0,3,3,3,1,1,2,2,0,21,61.9048
dev_1605,1,0,0,0,0,0,1,0,0,0,0,0,6,3,4,6,0,4,0,0,27,77.7778
dev_1596,1,0,0,0,0,0,0,0,0,1,0,1,3,2,4,1,0,1,0,0,18,75.0000
dev_1593,0,0,0,0,0,0,0,0,0,0,0,0,5,3,2,1,0,2,1,0,22,68.1818
dev_1571,1,1,1,0,1,0,0,0,0,0,0,0,2,1,3,4,1,2,1,0,22,63.6364
dev_1558,0,0,0,0,0,0,0,0,0,0,0,0,6,2,2,2,0,2,2,0,23,67.3913
dev_1589,0,0,0,0,0,0,0,0,0,0,0,0,4,7,2,3,1,1,0,0,28,75.0000
dev_1551,1,0,0,0,0,0,1,0,0,0,0,0,1,1,0,2,1,3,2,0,20,45.0000
dev_1580,1,0,0,0,1,1,0,0,0,0,0,0,3,4,5,2,2,4,1,0,34,60.2941
dev_1613,0,0,1,0,0,0,0,0,0,0,0,0,8,1,2,4,1,5,3,0,30,60.0000
dev_1640,0,0,0,0,0,0,0,0,0,0,0,0,3,4,2,0,2,1,0,0,22,63.6364
dev_1618,1,1,0,0,1,0,1,0,0,0,0,0,2,2,1,2,0,3,0,0,23,58.6957
dev_1624,0,0,0,0,0,0,0,0,0,0,0,0,3,2,0,2,0,1,1,0,13,69.2308
dev_1647,0,0,0,0,0,0,0,0,0,0,0,0,2,4,1,2,0,3,3,0,19,57.8947
dev_1607,0,0,0,0,0,0,0,0,0,0,0,0,2,2,1,3,1,1,0,0,13,73.0769
dev_1523,1,0,0,0,1,0,0,0,0,0,0,0,6,1,0,3,0,1,0,0,24,68.7500
dev_1634,1,1,0,0,1,1,0,0,0,0,0,0,6,3,1,3,0,2,1,0,22,72.7273
dev_1536,0,0,0,0,0,0,0,0,0,0,0,0,9,1,3,2,0,4,0,0,27,70.3704
dev_1554,1,1,0,0,0,0,0,0,0,0,0,0,2,0,0,1,2,2,0,0,10,45.0000
dev_1531,1,0,0,0,0,0,1,0,0,0,0,0,1,2,3,3,0,0,0,0,16,78.1250
dev_1513,1,0,0,0,0,1,0,0,0,0,0,0,4,1,3,2,0,2,1,0,18,69.4444
dev_1659,0,0,0,0,0,0,0,0,0,0,0,0,3,1,1,2,0,2,0,0,11,72.7273
dev_1564,1,1,0,0,0,0,0,0,0,0,0,0,6,1,2,3,0,2,0,0,24,70.8333
dev_1612,0,0,0,0,0,0,0,0,0,0,0,0,4,1,2,2,0,1,0,0,13,80.7692
dev_1545,0,0,0,0,0,0,0,0,0,0,0,0,4,1,2,2,0,1,0,0,19,71.0526
dev_1550,0,0,0,0,0,0,0,0,0,0,0,0,7,4,4,2,0,4,1,0,28,71.4286
dev_1594,0,0,0,0,0,0,0,0,0,0,0,0,6,3,2,1,0,3,1,0,23,67.3913
dev_1623,1,1,0,0,0,0,0,0,0,0,0,0,5,3,1,4,2,3,3,0,29,58.6207
dev_1570,0,0,0,0,0,0,0,0,0,0,0,0,5,0,1,1,1,2,1,0,14,60.7143
dev_1608,1,1,0,0,0,0,0,0,0,0,0,0,6,1,2,0,6,5,2,0,33,43.9394
dev_1631,1,0,1,0,0,1,0,0,0,0,0,0,3,2,2,1,2,1,2,0,20,57.5000
dev_1586,1,1,0,0,0,0,0,0,0,0,0,0,4,3,3,4,4,3,0,0,31,61.2903
dev_1599,0,0,0,0,0,0,0,0,0,0,0,0,2,2,1,2,1,2,4,0,18,50.0000
dev_1597,1,0,0,0,1,1,0,0,0,0,0,0,4,1,5,3,1,2,0,0,23,71.7391
dev_1511,0,0,0,0,0,0,0,0,0,0,0,0,6,1,2,2,0,3,1,0,18,69.4444
dev_1582,1,0,0,0,0,0,0,0,0,0,0,1,3,2,3,3,0,1,0,0,14,85.7143
dev_1617,1,0,0,0,1,1,1,0,0,0,0,0,6,1,6,7,0,2,0,0,41,71.9512
dev_1656,0,0,0,0,0,0,0,0,0,0,0,0,3,0,1,1,1,2,2,0,15,50.0000
dev_1614,0,0,0,0,0,0,0,0,0,0,0,0,7,0,6,1,4,5,6,0,35,48.5714
dev_1636,1,0,1,0,0,0,0,0,0,0,0,0,3,0,1,2,1,2,0,0,12,62.5000
dev_1654,1,0,0,0,0,0,1,0,0,0,0,0,3,2,3,2,3,3,0,0,27,57.4074
dev_1606,1,0,1,0,1,0,0,0,0,0,0,0,2,0,3,3,3,3,1,0,23,52.1739
dev_1539,1,0,0,0,0,0,0,0,0,0,0,0,7,2,3,2,2,2,1,0,26,67.3077
dev_1581,1,0,0,0,1,0,1,0,0,0,0,0,3,2,2,2,0,0,1,0,16,75.0000
dev_1641,0,0,1,0,0,0,0,0,0,0,0,0,5,3,2,4,3,4,3,0,28,57.1429
dev_1519,0,0,0,0,0,0,0,0,0,0,0,0,8,2,5,1,2,3,3,0,28,64.2857
dev_1575,1,0,0,0,0,1,0,0,0,0,0,0,6,3,3,4,0,4,2,0,30,66.6667
dev_1620,1,0,1,0,0,0,0,0,0,0,0,0,10,5,2,4,0,3,4,0,40,67.5000
dev_1565,0,0,0,0,0,0,0,0,0,0,0,0,8,3,3,4,0,3,1,0,27,75.9259
dev_1537,0,0,0,0,0,0,0,0,0,0,0,0,4,0,2,3,3,3,0,0,20,57.5000
dev_1657,0,0,0,0,0,0,0,0,0,0,0,0,5,0,2,3,0,1,3,0,20,65.0000
dev_1529,1,1,0,0,1,0,0,0,0,0,0,0,4,1,2,1,3,2,1,0,26,53.8462
dev_1643,0,1,0,0,0,0,0,0,0,0,0,0,4,2,1,1,1,3,0,0,18,61.1111
dev_1552,0,0,0,0,0,0,0,0,0,0,0,0,3,1,2,2,0,2,0,0,13,73.0769
dev_1566,0,0,1,0,0,0,0,0,0,0,0,0,4,2,3,0,3,2,1,0,19,57.8947
dev_1616,0,0,0,0,0,0,0,0,0,0,0,0,7,4,3,3,2,3,1,0,30,68.3333
dev_1522,0,0,0,0,0,0,0,0,0,0,0,0,11,2,3,2,1,4,0,0,30,71.6667
dev_1560,0,0,0,0,0,0,0,0,0,0,0,0,0,2,3,1,2,2,5,0,19,42.1053
dev_1588,0,0,0,0,0,0,0,0,0,0,0,0,5,2,2,3,1,3,0,0,20,70.0000
dev_1516,1,0,1,0,0,0,0,0,1,0,0,0,5,0,3,3,2,3,0,1,26,59.6154
dev_1587,1,0,0,0,0,0,0,0,0,0,0,0,3,2,2,3,0,1,0,0,14,82.1429
dev_1615,1,0,0,0,1,0,1,0,0,0,0,0,3,0,2,3,0,3,1,0,19,60.5263
dev_1574,0,0,0,0,0,0,0,0,0,0,0,0,6,2,2,3,2,5,2,0,30,56.6667
dev_1600,0,0,0,0,0,0,0,0,0,0,0,0,10,0,3,1,0,4,0,0,26,69.2308
dev_1585,0,0,0,0,0,0,0,0,0,0,0,0,4,3,3,2,2,4,2,0,27,57.4074
dev_1591,1,1,0,0,1,1,0,0,0,0,0,0,2,4,1,0,0,1,1,0,27,59.2593
dev_1542,1,1,1,0,0,1,0,0,0,0,0,0,6,3,3,4,0,2,0,0,27,75.9259
dev_1644,1,1,0,0,0,0,0,0,0,0,0,0,3,1,2,2,4,6,2,0,33,43.9394
dev_1650,1,1,0,0,0,1,0,0,0,0,0,0,4,1,3,1,1,1,2,0,21,61.9048
dev_1563,0,0,0,0,0,0,0,0,0,0,0,0,7,1,1,5,1,2,2,0,28,66.0714
dev_1532,1,1,0,0,0,1,0,0,0,0,0,0,7,2,5,0,1,2,0,0,37,64.8649
dev_1642,1,0,1,0,0,1,0,0,0,0,0,0,5,1,5,4,1,1,0,0,21,80.9524
dev_1514,0,0,0,0,0,0,0,0,0,0,0,0,5,1,4,5,1,7,1,0,32,59.3750
dev_1553,1,1,1,0,0,0,0,0,0,0,0,0,2,1,4,2,0,1,1,0,20,67.5000
dev_1526,1,0,0,0,0,0,1,0,0,0,0,0,5,2,2,5,3,4,0,0,30,61.6667
dev_1510,1,0,0,0,1,0,0,0,0,0,0,0,4,1,2,3,0,5,1,0,21,59.5238
dev_1625,1,1,0,0,0,0,0,0,0,0,0,0,5,2,2,1,0,1,0,0,18,75.0000
dev_1515,1,0,0,0,1,0,0,0,0,0,0,0,1,1,1,0,1,0,0,0,10,60.0000
dev_1595,1,1,0,0,1,1,1,0,0,0,0,0,5,0,7,4,0,2,0,0,30,73.3333
dev_1604,1,1,1,0,1,1,0,0,1,0,0,0,8,3,5,5,2,5,1,0,54,62.0370
dev_1549,0,0,0,0,0,0,0,0,0,0,0,0,5,1,1,1,2,4,0,0,20,55.0000
dev_1579,1,0,0,0,0,1,0,0,0,0,0,0,8,1,4,4,1,4,0,0,30,70.0000
dev_1611,0,0,0,0,0,0,0,0,0,0,0,0,6,2,2,2,0,2,1,0,22,70.4545
dev_1637,1,1,0,1,0,1,0,0,0,1,0,0,7,5,5,4,1,1,1,0,55,66.3636
dev_1635,0,0,0,0,1,0,0,0,0,0,0,0,6,3,4,4,3,4,2,0,35,61.4286
dev_1598,0,0,0,0,0,0,0,0,0,0,0,0,4,0,2,2,2,2,0,0,19,60.5263
dev_1649,1,0,0,0,1,1,0,0,0,0,0,0,6,2,5,4,1,1,1,0,27,75.9259
dev_1645,0,0,0,0,0,0,0,0,0,0,0,0,3,0,2,0,2,2,1,0,12,50.0000
dev_1541,0,0,0,0,1,0,0,0,0,0,0,0,9,3,3,1,0,2,4,0,29,67.2414
dev_1534,1,0,0,0,0,0,0,0,0,0,0,0,3,3,3,1,1,3,0,0,23,63.0435
dev_1639,0,0,0,0,0,0,0,0,0,0,0,0,5,1,0,2,0,5,2,0,22,52.2727
dev_1530,1,0,0,0,0,0,0,0,0,0,0,0,3,0,3,1,1,3,0,0,20,57.5000
dev_1543,1,0,0,0,0,1,0,0,0,0,0,0,3,0,2,3,0,1,0,0,17,70.5882
dev_1603,1,0,0,0,0,1,0,0,0,0,0,0,4,3,2,1,3,3,1,0,23,56.5217
dev_1632,0,0,0,0,0,0,0,0,0,0,0,0,4,2,2,1,3,5,0,0,30,51.6667
dev_1576,0,0,0,0,0,0,0,0,0,0,0,0,4,2,2,3,0,2,4,0,20,62.5000
dev_1524,0,0,0,0,0,0,0,0,0,0,0,0,12,5,7,6,1,2,0,0,40,83.7500
dev_1527,1,1,0,1,1,1,0,0,0,0,0,0,4,0,2,2,0,5,2,0,38,51.3158
dev_1556,1,1,1,0,1,0,0,0,0,1,0,0,2,3,5,2,2,1,0,0,31,64.5161
dev_1567,1,0,0,0,0,1,0,0,0,0,0,0,5,1,4,3,0,1,0,0,18,83.3333
dev_1572,0,0,0,0,0,0,0,0,0,0,0,0,5,1,3,1,0,1,0,0,14,82.1429
dev_1583,0,0,0,0,0,0,0,0,0,0,0,0,8,4,6,3,2,4,0,0,33,72.7273
dev_1592,0,0,0,0,0,0,0,0,0,0,0,0,4,2,2,1,1,4,3,0,25,52.0000
dev_1517,1,0,0,0,0,1,0,0,0,0,0,0,4,1,1,0,1,4,0,0,14,53.5714
dev_1573,0,0,0,0,0,0,0,0,0,0,0,0,9,2,4,5,1,2,2,0,33,72.7273
test_1980,0,0,0,0,0,0,0,0,0,0,0,0,6,1,1,0,0,2,1,0,21,61.9048
test_1914,0,0,0,0,0,0,0,0,0,0,0,0,4,2,1,0,1,4,0,0,18,55.5556
test_1771,0,0,0,0,0,0,0,0,0,0,0,0,6,1,4,3,2,4,2,0,31,59.6774
test_1669,1,1,0,0,0,0,0,0,0,0,0,0,4,1,2,1,0,3,0,0,15,66.6667
test_1949,0,0,0,0,0,0,0,0,0,0,0,0,6,1,4,3,0,1,0,0,17,88.2353
test_1832,1,0,0,0,0,1,0,0,0,0,0,0,15,1,0,0,0,1,0,0,29,75.8621
test_1915,1,1,0,0,1,0,0,0,0,0,0,0,5,3,2,2,1,2,0,0,30,65.0000
test_1699,1,1,0,0,0,0,0,0,0,0,0,0,9,0,6,2,0,4,0,0,30,71.6667
test_1673,1,0,0,0,1,0,0,0,1,0,0,0,3,3,4,5,1,1,1,0,29,70.6897
test_1877,1,0,1,0,0,1,0,0,0,0,0,0,7,2,2,1,1,1,1,0,33,63.6364
test_1860,0,0,0,0,0,0,0,0,0,0,0,0,4,0,1,2,0,2,0,0,13,69.2308
test_1935,0,0,0,0,0,0,0,0,0,0,0,0,4,1,2,3,4,2,1,0,26,55.7692
test_1674,0,0,0,0,0,0,0,0,0,0,0,0,5,2,3,2,0,2,0,0,18,77.7778
test_1675,1,1,0,0,0,0,0,0,0,0,0,0,6,0,5,5,1,1,2,0,25,74.0000
test_1728,0,0,0,0,0,0,0,0,0,0,0,0,5,2,1,2,0,2,0,0,18,72.2222
test_1798,1,0,0,0,1,0,0,0,0,0,0,0,8,1,3,3,1,3,2,0,28,66.0714
test_1924,1,0,0,1,0,0,0,0,0,0,0,0,7,1,4,4,1,4,0,0,32,67.1875
test_1684,1,1,0,0,1,0,0,0,0,0,0,0,4,0,5,4,0,1,1,0,24,72.9167
test_1936,1,1,0,0,0,1,0,0,0,0,0,0,7,0,6,5,4,8,2,0,52,53.8462
test_1661,1,0,0,0,0,1,0,0,0,0,0,0,3,1,2,2,2,4,0,0,22,54.5455
test_1721,0,0,0,0,0,0,0,0,0,0,0,0,4,1,2,3,1,3,0,0,21,64.2857
test_1869,0,0,0,0,0,0,0,0,0,0,0,0,8,4,7,3,6,4,0,0,39,65.3846
test_1893,1,1,1,0,0,0,0,0,0,0,0,0,7,3,3,5,0,1,0,0,29,79.3103
test_1735,1,1,0,0,1,1,0,0,0,0,0,0,11,4,7,5,0,4,2,0,55,69.0909
test_1996,1,1,0,0,1,1,0,0,0,0,0,0,4,1,2,2,0,4,1,0,28,57.1429
test_1866,0,0,0,0,0,0,0,0,0,0,0,0,3,4,1,2,0,2,2,0,19,65.7895
test_1742,1,0,0,0,0,1,0,0,0,0,0,0,5,2,2,3,2,2,0,0,24,66.6667
test_1977,0,0,0,0,0,0,0,0,0,0,0,0,5,2,5,0,0,1,1,0,22,72.7273
test_1967,1,0,0,0,1,0,0,0,0,0,0,0,7,5,6,5,0,2,0,0,35,80.0000
test_1975,1,0,0,0,0,1,0,0,0,0,0,0,5,3,3,4,1,0,0,0,25,78.0000
test_1871,1,0,0,0,0,0,1,0,0,0,0,0,2,2,2,3,0,0,1,0,16,75.0000
test_1770,1,0,0,0,0,0,1,0,0,0,0,0,0,1,0,1,3,4,0,0,19,36.8421
test_1819,1,0,0,0,1,1,0,0,0,0,0,0,7,3,3,4,1,2,0,0,28,75.0000
test_1897,1,1,0,0,0,0,1,0,0,0,0,0,4,0,4,5,0,1,0,0,22,77.2727
test_1816,1,1,0,0,0,0,0,0,0,0,0,0,5,2,2,2,2,2,0,0,26,63.4615
test_1901,1,0,0,0,0,1,0,0,0,0,0,0,9,3,4,3,0,4,1,0,32,71.8750
test_1826,1,1,0,0,0,0,0,0,0,0,0,0,2,0,1,2,0,3,2,0,16,50.0000
test_1820,0,0,0,0,0,0,0,0,0,0,0,0,5,0,2,1,0,3,3,0,17,55.8824
test_1899,1,1,0,0,0,0,0,0,0,0,0,0,5,2,6,3,2,3,1,0,38,63.1579
test_1874,1,0,0,0,1,0,1,0,0,0,0,0,4,3,1,6,1,4,1,0,33,62.1212
test_1664,0,0,0,0,0,0,0,0,0,0,0,0,3,3,2,2,1,2,2,0,20,62.5000
test_1903,0,0,0,0,0,0,0,0,0,0,0,0,6,2,2,3,0,1,1,0,21,76.1905
test_1803,0,0,0,0,0,0,0,0,0,0,0,0,5,2,3,3,2,3,0,0,23,67.3913
test_1991,1,0,1,0,1,0,0,0,0,0,0,0,3,3,3,2,1,2,0,0,22,68.1818
test_1731,0,0,0,0,0,0,0,0,0,0,0,0,3,0,1,2,1,1,1,0,13,61.5385
test_1884,0,0,0,0,0,0,0,0,0,0,0,0,4,1,2,1,2,4,1,0,22,52.2727
test_1872,1,1,0,0,0,0,0,0,0,0,0,0,7,2,6,6,0,2,0,0,30,81.6667
test_1876,1,0,0,0,1,0,0,0,0,0,0,0,5,0,1,3,1,3,0,0,17,64.7059
test_1687,0,0,0,0,0,0,0,0,0,0,0,0,6,0,2,2,0,0,2,0,16,75.0000
test_1857,0,0,0,0,0,0,0,0,0,0,0,0,5,0,2,0,4,4,1,0,28,46.4286
test_1783,0,0,0,0,0,0,0,0,0,0,0,0,8,3,0,0,0,1,0,0,18,77.7778
test_1759,1,0,1,0,0,1,0,0,0,0,0,0,7,1,6,5,0,2,4,0,43,65.1163
test_1753,1,0,0,0,0,1,0,0,0,0,0,0,3,4,5,2,5,5,6,0,49,47.9592
test_1744,1,1,0,0,0,0,0,0,0,0,0,0,4,3,2,2,2,0,1,0,17,73.5294
test_1797,0,0,0,0,0,0,0,0,0,0,0,0,5,0,2,0,2,3,1,0,16,53.1250
test_1700,0,0,0,0,0,0,0,0,0,0,0,0,2,2,2,2,1,0,0,0,12,79.1667
test_1802,0,0,0,0,0,0,0,0,0,0,0,0,3,2,1,1,1,1,0,0,11,72.7273
test_1953,1,0,0,0,1,1,0,0,0,0,0,0,0,0,2,0,1,1,1,0,11,45.4545
test_1690,1,0,0,0,1,0,0,0,0,0,0,0,8,1,6,2,4,3,3,0,38,59.2105
test_1835,1,0,0,0,0,1,0,0,0,0,0,0,9,0,1,5,0,4,0,0,32,67.1875
test_1836,0,0,0,0,0,0,0,0,0,0,0,0,9,6,6,0,3,2,1,0,39,69.2308
test_1963,0,0,0,0,0,0,0,0,0,0,0,0,6,5,2,2,1,4,1,0,30,65.0000
test_1752,0,0,0,0,0,0,0,0,0,0,0,0,6,1,1,2,0,4,0,0,23,63.0435
test_1948,1,0,0,0,1,0,0,0,0,0,0,0,7,3,6,4,0,2,0,0,32,78.1250
test_1786,1,0,0,0,0,0,0,0,0,0,0,0,4,1,4,3,1,3,0,0,23,67.3913
test_1838,1,1,0,0,0,0,0,0,0,0,0,0,2,1,2,3,1,1,1,0,19,63.1579
test_1793,0,0,0,0,0,0,0,0,0,0,0,0,6,4,3,0,3,3,0,0,28,62.5000
test_1926,1,0,0,0,1,0,0,0,0,0,0,0,4,0,2,1,0,1,0,0,14,71.4286
test_1929,1,1,0,0,0,0,0,0,0,0,0,0,4,2,2,3,1,3,1,0,24,62.5000
test_1867,0,0,0,0,0,0,0,0,0,0,0,0,6,0,1,0,3,5,2,0,25,44.0000
test_1818,0,0,0,0,0,0,0,0,0,0,0,0,5,1,1,0,0,2,1,0,16,62.5000
test_1997,1,0,0,0,1,1,0,0,0,0,0,0,6,4,7,4,0,2,2,0,37,72.9730
test_1727,0,0,0,0,0,0,0,0,0,0,0,0,4,2,1,0,0,3,1,0,17,58.8235
test_1697,1,0,0,0,0,0,0,0,0,0,0,0,2,1,1,2,3,4,0,0,21,47.6190
test_1711,0,0,0,0,0,0,0,0,0,0,0,0,6,2,3,3,8,7,0,0,35,48.5714
test_1895,1,0,1,0,0,0,1,0,0,0,0,0,2,3,3,1,2,3,0,0,20,60.0000
test_1905,1,0,1,0,1,0,0,0,0,0,0,0,2,2,1,2,0,1,1,0,19,63.1579
test_2002,0,0,0,0,0,0,0,0,0,0,0,0,7,0,3,2,1,3,0,0,20,70.0000
test_1694,1,0,0,0,1,0,0,0,0,0,0,0,5,1,5,1,1,3,1,0,25,64.0000
test_1739,1,0,0,0,0,1,0,0,0,0,0,0,5,0,6,5,0,2,2,0,25,74.0000
test_1709,1,0,0,0,0,1,1,0,0,0,0,0,4,3,5,5,1,1,2,0,27,74.0741
test_1670,1,1,0,0,1,1,1,0,0,0,0,0,5,6,7,3,4,3,3,0,59,59.3220
test_1738,1,0,0,0,0,0,0,0,0,0,0,0,3,2,2,3,4,2,2,0,24,54.1667
test_1680,0,0,0,0,0,0,0,0,0,0,0,0,7,3,2,4,0,3,2,0,32,67.1875
test_1847,1,1,0,0,0,1,0,0,0,0,0,0,3,0,2,1,1,2,0,0,27,55.5556
test_1959,0,0,0,0,0,0,0,0,0,0,0,0,6,1,2,1,0,3,1,0,19,65.7895
test_1726,0,0,0,0,0,0,0,0,0,0,0,0,10,1,1,5,2,2,2,0,31,67.7419
test_1766,0,0,0,0,0,0,0,0,0,0,0,0,3,2,2,1,3,4,0,0,19,52.6316
test_1814,1,0,0,0,1,0,0,0,0,0,0,0,7,0,2,0,3,3,0,0,24,56.2500
test_1950,1,0,1,0,1,0,0,0,0,0,0,0,6,5,7,3,2,2,0,0,34,75.0000
test_1779,1,1,1,0,1,0,0,0,0,0,0,0,3,1,1,2,0,2,0,0,17,64.7059
test_1805,1,0,1,1,1,0,0,0,0,0,0,0,0,0,2,0,0,2,1,0,14,46.4286
test_1662,0,0,0,0,0,0,0,0,0,0,0,0,5,3,2,2,1,2,1,0,24,66.6667
test_1787,0,0,0,0,0,1,0,0,0,0,0,0,6,1,1,2,1,4,1,0,21,59.5238
test_1922,1,0,1,0,0,0,0,0,0,0,0,0,3,6,2,2,2,1,1,0,25,68.0000
test_1666,0,0,0,0,0,0,0,0,0,0,0,0,4,2,3,1,4,3,1,0,24,54.1667
test_1904,0,0,0,0,0,0,0,0,0,0,0,0,5,1,4,2,0,1,2,0,22,70.4545
test_1945,1,0,0,0,0,1,0,0,0,0,0,0,1,1,3,1,1,1,1,0,15,60.0000
test_1931,0,0,0,0,0,0,0,0,0,0,0,0,8,1,2,1,1,3,3,0,24,60.4167
test_1902,1,0,0,0,1,0,0,0,0,0,0,0,0,0,2,1,1,1,1,0,13,50.0000
test_1965,1,0,0,0,0,0,0,0,0,0,0,0,4,3,2,0,2,2,1,0,19,60.5263
test_1679,1,1,0,0,0,0,0,0,0,0,0,0,2,0,1,0,2,2,0,0,10,45.0000
test_1688,0,0,0,0,0,0,0,0,0,0,0,0,11,1,3,3,4,5,1,0,41,59.7561
test_1799,1,1,0,1,0,0,0,0,0,0,0,0,2,1,3,1,0,1,0,0,15,70.0000
test_1841,0,0,0,0,0,0,0,0,0,0,0,0,4,5,4,4,1,4,2,0,33,65.1515
test_1880,0,0,0,0,0,0,0,0,0,0,0,0,3,2,2,2,1,1,1,0,16,68.7500
test_1701,1,0,0,0,0,1,1,0,0,0,0,0,2,0,2,1,0,2,3,0,18,50.0000
test_1810,1,1,0,0,0,1,0,0,0,0,0,0,7,1,3,2,1,2,0,0,22,72.7273
test_1791,1,0,0,0,0,0,0,0,0,0,0,0,2,0,2,1,0,3,0,0,13,57.6923
test_1764,1,0,0,0,0,1,0,0,0,0,0,0,4,3,3,2,2,1,1,0,27,64.8148
test_1813,1,0,1,0,0,1,0,0,0,0,0,1,3,2,0,2,2,4,2,0,29,48.2759
test_1707,1,0,1,0,0,1,0,0,0,0,0,0,2,2,3,2,2,1,0,0,25,62.0000
test_1755,0,0,0,0,0,0,0,0,0,0,0,0,4,0,1,1,0,1,0,0,10,75.0000
test_1672,0,0,0,0,0,0,0,0,0,0,0,0,3,4,1,0,1,3,1,0,24,56.2500
test_1956,0,0,0,0,0,0,0,0,0,0,0,0,7,2,3,1,0,3,2,0,23,67.3913
test_1827,0,0,0,0,0,0,0,0,0,0,0,0,5,4,2,3,0,0,1,0,20,82.5000
test_1817,1,0,0,0,0,0,0,0,0,0,0,0,3,0,2,2,0,1,2,0,15,63.3333
test_1864,1,1,0,0,1,1,0,0,0,0,0,0,7,1,5,4,3,4,0,0,36,63.8889
test_1990,0,0,0,0,0,0,0,0,0,0,0,0,10,1,2,2,2,4,3,0,30,60.0000
test_1983,1,0,1,0,0,0,0,0,0,0,0,0,11,1,3,5,1,6,2,0,42,63.0952
test_1740,0,0,0,0,0,0,0,0,0,0,0,0,7,1,3,3,0,0,1,0,19,84.2105
test_1682,0,0,0,0,0,0,0,0,0,0,0,0,7,2,5,2,5,5,1,0,38,56.5789
test_1891,1,1,0,0,1,0,0,0,0,0,0,0,1,0,0,1,1,2,2,0,18,41.6667
test_1955,1,0,0,0,0,0,0,0,0,0,0,0,5,4,2,5,2,2,0,0,27,72.2222
test_1754,0,0,0,0,0,0,0,0,0,0,0,0,5,4,3,3,2,1,0,0,27,72.2222
test_1706,1,0,0,1,1,0,0,0,0,0,0,0,8,1,6,4,0,3,3,0,34,69.1176
test_1885,1,0,0,0,1,0,0,0,0,0,0,0,4,0,3,3,0,1,0,0,18,75.0000
test_1747,1,1,0,0,0,0,0,0,0,0,0,0,2,1,1,0,0,1,1,0,8,62.5000
test_1776,1,1,0,0,0,0,0,0,0,0,0,0,3,0,3,1,0,2,1,0,19,60.5263
test_1723,1,0,0,0,0,1,0,0,0,0,0,0,5,2,3,5,0,2,0,0,29,72.4138
test_1713,1,1,0,0,0,0,1,0,0,0,0,0,4,1,4,4,1,3,1,0,29,63.7931
test_1851,0,1,0,0,0,0,0,0,0,0,0,0,5,2,3,3,0,2,1,0,20,75.0000
test_1844,1,1,0,0,0,0,0,0,0,0,0,0,5,1,3,5,0,2,0,0,23,76.0870
test_1761,1,0,0,0,0,0,0,0,0,0,0,0,4,1,2,4,1,3,1,0,21,64.2857
test_1751,1,1,0,0,0,1,0,0,1,0,0,0,7,1,4,3,1,2,1,0,33,66.6667
test_1981,0,0,0,0,0,0,0,0,0,0,0,0,2,2,2,1,2,3,2,0,21,50.0000
test_1737,0,0,0,0,0,0,0,0,0,0,0,0,4,2,1,1,0,2,1,0,14,67.8571
test_1887,1,0,0,0,0,1,0,0,0,0,0,0,3,2,2,1,2,3,0,0,18,58.3333
test_1724,1,0,0,0,0,1,0,0,0,0,0,0,4,0,5,1,1,2,2,0,20,62.5000
test_1665,1,0,0,0,0,1,0,0,1,0,0,0,5,0,4,5,1,4,0,0,28,66.0714
test_1992,0,1,1,0,0,0,0,0,0,0,0,0,7,3,3,2,0,2,1,0,21,78.5714
test_1733,1,0,0,0,0,1,0,0,0,0,0,0,8,4,5,3,2,5,1,0,39,65.3846
test_1921,0,0,0,0,0,0,0,0,0,0,0,0,5,6,3,2,0,1,2,0,25,76.0000
test_1938,0,0,0,0,0,0,0,0,0,0,0,0,8,1,3,2,0,4,0,0,22,72.7273
test_1919,1,0,0,0,0,1,1,0,0,0,0,0,4,1,4,4,1,1,1,0,23,71.7391
test_1944,0,0,0,0,0,0,0,0,0,0,0,0,5,3,2,2,1,2,1,0,21,69.0476
test_1765,1,0,0,0,1,1,0,0,0,0,0,0,4,1,3,2,1,2,0,0,22,65.9091
test_1794,0,0,0,0,0,0,0,0,0,0,0,0,6,3,2,4,1,3,2,0,25,68.0000
test_1718,0,0,0,0,0,0,0,0,0,0,0,0,8,2,3,2,2,3,0,0,24,70.8333
test_2004,1,1,0,0,0,0,0,0,0,0,0,0,5,1,1,4,0,3,0,0,19,71.0526
test_1784,1,1,0,0,1,1,0,0,0,0,0,0,2,0,3,2,2,6,2,0,35,45.7143
test_1704,0,0,0,0,0,0,0,0,0,0,0,0,8,0,7,2,1,1,0,0,24,81.2500
test_1974,0,0,0,0,0,0,0,0,0,0,0,0,4,1,1,2,0,3,0,0,15,66.6667
test_1823,1,0,0,0,1,0,0,0,0,0,0,0,7,1,4,4,1,1,0,0,25,78.0000
test_1973,0,0,0,0,0,0,0,0,0,0,0,0,6,4,3,3,1,3,5,0,41,58.5366
test_1741,0,0,0,0,0,0,0,0,0,0,0,0,2,2,0,0,1,1,5,0,15,40.0000
test_1778,0,0,0,0,0,0,0,0,0,0,0,0,4,1,1,1,0,2,0,0,10,75.0000
test_1845,1,0,0,0,1,1,0,0,0,0,0,0,4,0,5,3,1,4,1,0,25,62.0000
test_1685,0,0,0,0,0,0,0,0,0,0,0,0,12,2,4,5,1,0,2,0,32,81.2500
test_1790,0,0,0,0,0,0,0,0,0,0,0,0,7,2,4,1,4,3,2,0,32,57.8125
test_1809,0,0,0,0,0,0,0,0,0,0,0,0,7,1,3,3,2,4,5,0,36,54.1667
test_1964,1,1,0,0,0,0,0,0,0,0,0,0,4,3,1,4,0,4,1,0,25,64.0000
test_1993,1,0,0,0,0,0,1,0,0,0,0,0,3,1,2,3,0,2,0,0,21,66.6667
test_1852,1,1,0,0,0,0,0,0,0,0,0,0,12,5,7,1,2,5,4,0,50,64.0000
test_1873,0,0,0,0,0,0,0,0,0,0,0,0,3,4,2,0,3,3,0,0,31,54.8387
test_1863,1,0,0,0,1,1,0,0,0,0,0,0,8,3,3,6,0,3,0,0,33,75.7576
test_1840,1,0,0,0,0,1,0,0,0,0,0,0,6,4,7,3,1,2,1,0,33,74.2424
test_1825,0,0,0,0,0,0,0,0,0,0,0,0,4,1,3,3,2,5,2,0,28,53.5714
test_1668,1,0,0,0,1,1,0,0,0,0,0,0,3,2,4,3,4,2,1,0,33,57.5758
test_1918,1,0,1,1,1,0,0,0,0,0,0,0,3,1,2,4,0,2,0,0,25,66.0000
test_2009,0,0,0,0,0,0,0,0,0,0,0,0,6,3,2,2,3,2,2,0,32,59.3750
test_1796,0,0,0,0,0,0,0,0,0,0,0,0,5,1,2,1,1,2,0,0,16,68.7500
test_1907,1,0,0,0,0,1,0,0,0,0,0,0,3,1,3,2,0,1,1,0,15,73.3333
test_1712,1,0,1,0,1,0,0,0,0,0,0,0,5,2,1,3,2,3,2,0,31,56.4516
test_1970,0,0,0,0,0,0,0,0,0,0,0,0,6,3,1,2,4,4,1,0,36,54.1667
test_1930,1,0,1,0,0,0,0,0,0,0,0,0,3,1,0,2,0,2,1,0,19,57.8947
test_1695,1,0,0,0,0,0,0,0,0,0,0,0,8,6,3,4,0,0,1,0,35,78.5714
test_1811,1,0,0,0,0,0,0,0,0,0,0,0,3,0,1,2,0,1,0,0,12,70.8333
test_1999,1,1,0,0,0,0,0,0,0,0,0,0,3,0,3,1,1,1,1,0,20,60.0000
test_1806,0,0,0,0,0,0,0,0,0,0,0,0,8,3,6,1,4,3,1,0,36,63.8889
test_1912,1,0,0,0,0,1,0,0,0,0,0,0,5,3,3,1,0,2,0,0,21,73.8095
test_1890,0,0,0,0,0,0,0,0,0,0,0,0,5,6,2,0,0,0,0,0,15,93.3333
test_1870,0,0,0,0,0,0,0,0,0,0,0,0,3,1,2,3,0,2,0,0,15,73.3333
test_1908,0,0,0,0,0,0,0,0,0,0,0,0,3,1,1,2,1,1,0,0,13,69.2308
test_1861,0,0,0,0,0,0,0,0,0,0,0,0,6,1,3,4,1,3,0,0,24,70.8333
test_1705,1,0,0,0,0,1,0,0,0,1,0,0,1,1,1,2,0,2,0,0,20,57.5000
test_1883,1,0,0,0,0,0,0,0,0,0,0,0,5,1,4,2,1,2,0,0,27,66.6667
test_1750,0,0,0,0,0,0,0,0,0,0,0,0,5,0,3,2,0,1,1,0,13,80.7692
test_1859,1,0,0,0,0,0,1,0,0,0,0,0,9,3,6,6,1,5,0,0,39,73.0769
test_1782,1,0,1,0,1,0,0,0,0,0,0,0,7,2,5,7,0,2,2,0,37,72.9730
test_1772,0,0,0,0,0,0,0,0,0,0,0,0,2,1,1,2,1,1,2,0,15,56.6667
test_1875,1,0,0,0,1,0,0,0,0,0,0,0,5,1,5,5,1,2,0,0,23,78.2609
test_1777,1,0,0,0,0,1,0,0,0,0,0,0,6,3,1,1,1,2,0,0,25,66.0000
test_1719,0,0,0,0,0,0,0,0,0,0,0,0,9,6,3,3,0,1,0,0,28,85.7143
test_1689,1,0,0,0,0,0,1,0,0,0,0,0,9,6,4,1,1,4,1,0,36,69.4444
test_1941,0,0,0,0,0,0,0,0,0,0,0,0,4,0,1,2,1,2,0,0,13,65.3846
test_1892,0,0,1,0,0,0,0,0,0,0,0,0,6,4,3,4,4,3,1,0,34,63.2353
test_1789,1,0,0,0,1,0,0,0,0,0,0,0,4,2,0,1,0,1,0,0,33,59.0909
test_1800,1,0,1,0,0,0,0,0,0,0,0,0,3,2,1,2,0,3,1,0,23,58.6957
test_1986,1,0,0,0,1,0,0,0,0,0,0,0,4,4,2,4,0,0,1,0,28,73.2143
test_1894,0,0,0,0,0,0,0,0,0,0,0,0,6,0,2,2,0,1,1,0,18,72.2222
test_1928,1,1,0,0,0,0,0,0,0,0,0,0,3,0,2,0,0,2,0,0,17,58.8235
test_1927,1,1,0,0,0,0,0,0,0,0,0,0,5,1,2,3,0,4,0,0,24,64.5833
test_1828,0,0,0,0,0,0,0,0,0,0,0,0,6,2,3,4,0,1,1,0,21,80.9524
test_1888,0,0,0,0,0,0,0,0,0,0,0,0,8,2,3,1,1,3,3,0,29,62.0690
test_1946,1,0,0,0,0,0,0,0,1,0,0,0,5,2,3,1,0,4,0,0,29,62.0690
test_1958,1,0,1,0,0,0,0,0,0,0,0,1,6,3,6,5,1,1,0,0,28,82.1429
test_1749,1,0,1,0,0,0,0,0,0,0,1,0,3,1,5,3,4,4,1,0,33,54.5455
test_1762,0,0,0,0,0,0,0,0,0,0,0,0,4,0,3,1,1,2,1,0,15,63.3333
test_1920,0,0,0,0,0,0,0,0,0,0,0,0,7,2,2,2,2,3,1,0,26,63.4615
test_1773,0,0,0,0,0,0,0,0,0,0,0,0,8,3,2,2,1,1,2,0,25,72.0000
test_1843,1,1,0,0,1,0,0,0,0,0,0,0,5,1,3,2,0,3,0,0,27,64.8148
test_1732,1,0,1,0,0,0,0,0,0,0,0,0,8,3,3,5,0,2,1,0,34,73.5294
test_1671,1,0,0,0,1,0,0,0,0,0,0,0,4,1,1,2,0,5,0,0,22,56.8182
test_1678,1,1,0,0,1,0,0,0,0,0,0,0,6,2,2,1,2,3,2,0,32,56.2500
test_2006,0,0,0,0,0,0,0,0,0,0,0,0,7,0,2,0,1,2,3,0,21,57.1429
test_1725,1,0,0,0,0,0,0,0,1,0,0,0,6,1,2,1,0,2,2,0,27,61.1111
test_1715,1,0,1,1,0,1,0,0,0,0,0,1,5,3,5,3,0,4,1,0,37,64.8649
test_1693,1,0,0,0,0,1,0,0,0,0,0,0,5,0,1,2,0,4,1,0,21,57.1429
test_1785,0,0,0,0,0,0,0,0,0,0,0,0,10,4,3,5,2,5,1,0,36,69.4444
test_1896,1,0,0,0,1,0,0,0,0,0,0,0,7,5,3,4,1,4,1,0,38,67.1053
test_1886,0,0,0,0,0,0,0,0,0,0,0,0,7,2,2,0,1,2,0,0,21,69.0476
test_1925,1,0,0,0,1,0,0,0,0,0,0,0,4,1,1,3,0,4,1,0,21,59.5238
test_1913,0,0,0,0,0,0,0,0,0,0,0,0,6,0,4,4,0,2,3,0,27,66.6667
test_1729,1,0,0,0,1,1,0,0,0,0,0,0,10,1,6,6,1,4,1,0,42,70.2381
test_1745,0,0,0,0,0,0,0,0,0,0,0,0,4,2,1,2,1,3,3,0,23,54.3478
test_1775,0,0,0,0,0,0,0,0,0,0,0,0,10,3,4,3,1,2,0,0,26,82.6923
test_1862,1,1,0,0,1,0,0,0,0,0,0,0,10,1,2,3,0,4,0,0,28,71.4286
test_1916,0,0,1,0,0,0,0,0,0,0,0,0,8,6,2,1,0,2,4,0,28,69.6429
test_1969,0,0,0,0,0,0,0,0,0,0,0,0,7,2,4,4,1,3,3,0,30,66.6667
test_1681,0,0,0,0,0,0,0,0,0,0,0,0,7,4,1,3,2,5,2,0,38,57.8947
test_1714,1,0,0,0,0,0,1,0,0,0,0,0,9,0,4,3,2,3,0,0,28,69.6429
test_1676,1,0,1,0,0,0,0,0,0,0,0,0,4,2,3,2,1,1,0,0,19,73.6842
test_1979,1,0,1,0,1,0,1,0,0,0,0,0,4,3,2,3,1,1,0,0,26,69.2308
test_1943,0,0,0,0,0,0,0,0,0,0,0,0,7,4,0,4,2,2,1,0,25,70.0000
test_1807,1,0,1,0,0,0,0,0,0,0,0,0,3,4,4,2,2,3,2,0,25,62.0000
test_1698,1,0,0,0,1,0,0,0,0,0,0,0,4,1,3,2,1,3,0,0,19,65.7895
test_1792,1,0,0,0,0,0,0,0,0,0,0,0,4,1,0,2,2,3,0,0,17,55.8824
test_1984,0,0,0,0,0,0,0,0,0,0,0,0,10,2,7,3,1,4,1,0,30,76.6667
test_1821,0,0,0,0,0,0,0,0,0,0,0,0,6,0,2,1,1,1,0,0,13,76.9231
test_1683,1,0,1,0,0,0,0,0,0,0,0,0,6,5,1,0,5,6,4,0,37,45.9459
test_1898,1,0,0,0,0,0,0,0,0,0,0,0,4,1,8,1,6,4,4,0,41,50.0000
test_1960,1,1,0,0,0,0,0,0,0,0,0,0,7,3,5,4,4,2,2,0,42,63.0952
test_1815,0,0,0,0,0,0,0,0,0,0,0,0,7,1,2,3,1,3,1,0,22,68.1818
test_2000,1,0,0,0,0,0,1,0,0,0,0,0,6,2,3,2,1,3,2,0,26,63.4615
test_1951,1,1,0,0,0,1,0,0,0,0,0,0,6,1,4,3,1,2,1,0,25,70.0000
test_1932,0,0,0,0,1,0,0,0,0,0,0,0,12,3,4,7,3,9,7,0,60,55.8333
test_1850,0,0,0,0,0,0,0,0,0,0,0,0,5,2,1,1,2,2,1,0,25,58.0000
test_1663,1,0,0,0,1,0,1,0,0,0,0,0,7,1,4,2,0,1,0,0,27,74.0741
test_1910,0,0,1,0,0,0,0,0,0,0,0,0,2,3,1,1,0,1,0,0,12,75.0000
test_1968,1,0,0,0,0,1,0,0,0,0,0,0,8,0,7,8,2,3,0,0,41,71.9512
test_1889,0,0,0,0,0,0,0,0,0,0,0,0,4,2,0,2,2,1,0,0,16,65.6250
test_1966,1,1,0,0,0,0,0,0,0,0,0,0,3,4,2,1,1,1,0,0,17,73.5294
test_1834,1,1,0,0,1,1,0,0,0,0,0,0,5,4,4,3,1,0,1,0,25,78.0000
test_1837,1,0,0,0,0,1,0,0,0,0,0,0,7,1,4,2,0,2,0,0,19,81.5789
test_1769,1,1,1,1,1,0,0,0,0,0,0,0,3,4,3,3,0,3,0,0,26,69.2308
test_1978,1,0,0,0,1,0,0,0,0,0,0,0,3,0,1,2,1,1,0,0,13,65.3846
test_1758,1,0,0,0,1,0,1,0,0,0,0,0,3,1,3,4,0,1,1,0,24,68.7500
test_1702,1,0,1,0,0,1,0,0,0,0,0,0,2,3,2,1,0,2,1,0,20,62.5000
test_1839,0,0,0,0,0,0,0,0,0,0,0,0,4,1,3,2,0,1,0,0,12,87.5000
test_1942,0,0,0,0,0,0,0,0,0,0,0,0,8,1,3,0,4,4,0,0,28,57.1429
test_1878,1,0,0,0,0,1,0,0,0,0,0,0,7,2,5,5,0,3,0,0,33,74.2424
test_1853,1,1,0,0,0,0,0,0,0,0,0,0,4,0,2,2,1,2,2,0,17,58.8235
test_1717,0,0,0,0,0,0,0,0,0,0,0,0,6,5,4,4,0,2,1,0,27,79.6296
test_1686,0,0,0,0,0,0,0,0,0,0,0,0,7,2,3,6,0,4,1,0,29,72.4138
test_1692,1,0,0,0,0,1,0,0,0,0,0,0,4,2,2,1,0,2,0,0,18,69.4444
test_1696,0,0,0,0,0,0,0,0,0,0,0,0,6,0,2,3,1,4,0,0,22,63.6364
test_1801,1,1,0,0,0,1,0,0,0,0,0,0,7,1,5,5,2,4,0,0,32,68.7500
test_1962,1,0,0,0,1,0,0,0,0,0,0,0,4,1,4,4,0,2,0,0,22,75.0000
test_1812,1,0,0,0,0,0,0,0,0,0,0,0,4,3,2,1,0,5,3,0,27,53.7037
test_1829,0,0,0,0,0,0,0,0,0,0,0,0,8,4,5,1,0,2,2,0,26,76.9231
test_1937,1,0,1,0,1,1,0,0,0,0,0,0,6,8,6,6,0,4,3,0,63,65.0794
test_1971,0,0,0,0,0,0,0,0,0,0,0,0,11,3,1,0,0,0,0,0,29,75.8621
test_1667,0,0,0,0,0,0,0,0,0,0,0,0,7,1,2,2,1,6,1,0,36,55.5556
test_1854,1,0,0,0,1,0,0,0,0,0,0,0,4,1,4,4,1,1,2,0,21,71.4286
test_1865,1,0,0,0,0,1,0,0,0,0,0,0,8,0,2,1,0,3,0,0,21,69.0476
test_1720,0,0,1,0,0,0,0,0,0,0,0,0,4,4,2,1,0,0,0,0,16,84.3750
test_1961,0,0,0,0,0,0,0,0,0,0,0,0,9,4,6,3,2,5,1,0,45,65.5556
test_1972,0,0,0,0,0,0,0,0,0,0,0,0,3,1,2,0,2,3,0,0,17,52.9412
test_1846,0,0,0,0,0,0,0,0,0,0,0,0,5,2,2,3,0,3,1,0,26,65.3846
test_1842,1,0,0,0,0,0,0,0,0,0,0,0,11,4,1,7,1,5,2,0,45,66.6667
test_1734,0,0,0,0,0,0,0,0,0,0,0,0,5,6,1,3,0,3,0,0,22,77.2727
test_1947,1,0,0,0,0,1,0,0,0,0,0,0,5,0,3,3,0,2,1,0,20,70.0000
test_1988,0,0,0,0,0,0,0,0,0,0,0,0,5,1,3,2,1,1,0,0,19,73.6842
test_1746,0,0,0,0,0,0,0,0,0,0,0,0,5,0,2,1,2,2,1,0,15,60.0000
test_1722,1,0,0,0,0,0,0,0,0,0,0,0,6,2,0,2,1,3,1,0,22,61.3636
test_2003,1,0,1,0,0,1,0,0,0,0,0,0,4,2,2,3,0,2,0,0,20,72.5000
test_1781,1,1,0,0,0,0,0,0,0,0,0,0,2,2,3,2,2,1,1,0,19,63.1579
test_1879,0,0,0,0,0,0,0,0,0,0,0,0,1,1,0,1,3,3,2,0,15,33.3333
test_1760,1,0,0,0,0,0,0,0,0,0,0,0,4,1,1,1,3,1,1,0,18,55.5556
test_1957,0,0,0,0,0,0,0,0,0,0,0,0,3,1,2,1,1,1,0,0,13,69.2308
test_1940,0,0,0,0,0,0,0,0,0,0,0,0,7,3,2,3,4,3,1,0,32,60.9375
test_1708,1,1,0,0,1,0,0,0,0,0,0,0,1,0,2,2,1,5,0,0,31,48.3871
test_1987,0,0,0,0,0,0,0,0,0,0,0,0,4,2,2,2,0,2,2,0,21,64.2857
test_1768,0,0,0,0,0,0,0,0,0,0,0,0,6,2,5,4,1,3,1,0,27,72.2222
test_1767,1,1,0,0,0,0,0,0,0,0,0,0,3,2,1,4,1,2,2,0,24,60.4167
test_1933,0,0,0,0,0,0,0,0,0,0,0,0,7,6,1,1,2,3,3,0,31,61.2903
test_1900,0,0,0,0,0,0,0,0,0,0,0,0,3,2,2,2,3,3,4,0,29,48.2759
test_1985,0,0,0,0,0,0,0,0,0,0,0,0,9,3,2,1,1,4,2,0,30,63.3333
test_1757,0,0,0,0,0,0,0,0,0,0,0,0,8,1,3,0,0,2,2,0,25,66.0000
test_1998,1,0,0,0,0,0,0,0,0,0,0,0,5,1,3,1,4,3,0,0,26,55.7692
test_1824,1,1,0,1,1,0,1,0,0,0,0,0,4,7,3,6,1,1,0,0,42,71.4286
test_1831,1,0,0,0,1,1,1,0,0,0,0,0,7,1,2,2,0,2,2,0,29,63.7931
test_1763,1,0,0,0,1,0,1,0,0,0,0,0,8,0,3,6,0,2,2,0,27,74.0741
test_1952,0,0,0,0,0,0,0,0,0,0,0,0,7,1,3,1,2,4,0,0,26,61.5385
test_1934,0,0,0,0,0,0,0,0,0,0,0,0,8,0,3,4,1,0,4,0,25,70.0000
test_1788,1,1,0,0,1,0,0,0,0,0,0,0,5,3,3,4,2,3,0,0,30,66.6667
test_1868,0,0,0,0,0,0,0,0,0,0,0,0,5,3,3,4,6,4,0,0,33,57.5758
test_1855,1,0,0,0,0,0,0,0,0,0,0,0,9,4,5,0,1,1,4,0,34,67.6471
test_1856,1,0,0,0,0,1,0,0,0,0,0,0,7,2,4,5,0,2,1,0,30,75.0000
test_1830,1,0,0,0,1,1,0,0,0,0,0,0,3,1,1,3,0,2,1,0,23,60.8696
test_2007,1,0,0,0,1,0,0,0,0,0,0,0,3,0,2,2,0,3,1,0,18,58.3333
test_1710,1,0,0,0,1,1,0,0,0,0,0,0,3,6,1,1,2,3,0,0,26,61.5385
test_1703,1,0,0,0,1,0,0,0,0,0,0,0,2,1,2,1,0,1,0,0,16,65.6250
test_2005,0,0,0,0,0,0,0,0,0,0,0,0,4,0,3,2,2,2,1,0,16,62.5000
test_1716,1,0,0,1,0,0,0,0,0,0,0,0,13,1,4,6,2,10,3,0,52,58.6538
test_1748,0,0,0,0,0,0,0,0,0,0,0,0,5,0,1,1,0,1,1,0,11,72.7273
test_1881,0,0,0,0,0,0,0,0,0,0,0,0,7,2,2,3,1,2,2,0,23,69.5652
test_1660,1,1,0,0,0,0,0,0,0,0,0,0,4,3,3,1,0,2,0,0,21,71.4286
test_1808,1,0,0,0,0,0,0,0,1,0,0,0,5,1,3,4,0,1,1,0,22,75.0000
test_1882,1,0,0,0,0,0,1,0,0,0,0,0,4,0,1,2,0,5,3,0,23,47.8261
test_1848,1,0,0,0,0,1,0,0,0,0,0,0,9,2,3,1,0,3,0,0,25,74.0000
test_1774,1,0,1,0,0,1,0,0,0,0,0,0,8,2,3,3,1,4,1,0,37,63.5135
test_1833,1,0,0,0,1,0,0,0,0,0,0,0,7,1,4,2,2,2,0,0,33,65.1515
test_1939,1,0,0,0,0,0,0,0,0,0,0,0,2,4,1,3,0,2,2,0,20,65.0000
test_1691,0,0,0,0,0,0,0,0,0,0,0,0,6,4,2,3,2,2,0,0,24,72.9167
test_1858,1,1,0,0,1,0,0,0,0,0,0,0,4,0,2,4,0,2,1,0,20,67.5000
test_1780,1,0,1,0,0,0,0,0,0,0,0,0,7,0,2,1,0,2,0,0,23,67.3913
test_1954,0,0,0,0,0,0,0,0,0,0,0,0,7,2,1,1,4,4,0,0,27,55.5556
test_1677,0,0,0,0,0,0,0,0,0,0,0,0,6,1,0,1,2,1,1,0,18,61.1111
test_1906,0,0,0,0,0,0,0,0,0,0,0,0,3,2,2,3,2,1,0,0,23,65.2174
test_1917,1,0,0,0,0,1,0,0,0,0,0,0,5,3,2,2,0,3,0,0,19,73.6842
test_1989,1,0,1,0,0,0,0,0,0,0,0,0,7,3,5,3,2,3,1,0,35,67.1429
test_1736,1,1,0,0,0,0,0,1,0,0,0,0,2,0,1,1,1,1,0,0,10,60.0000
test_2001,0,0,0,0,0,0,0,0,0,0,0,0,6,2,2,2,2,3,1,0,24,62.5000
test_1795,0,0,0,0,0,0,0,0,0,0,0,0,9,2,3,4,2,4,1,0,42,63.0952
test_1849,1,0,0,0,1,0,0,0,0,1,0,0,4,0,3,4,2,3,0,0,26,61.5385
test_1822,1,0,1,0,0,1,1,0,0,0,0,0,7,1,2,3,2,3,1,0,27,62.9630
test_1994,1,0,0,0,0,0,0,0,0,0,0,1,1,2,0,1,3,3,0,0,21,45.2381
test_1995,1,1,0,0,0,0,0,0,0,0,0,0,3,1,2,2,1,6,1,0,31,50.0000
test_1743,0,0,0,0,0,0,0,0,0,0,0,0,12,6,6,2,3,3,3,0,46,68.4783
test_2008,1,0,0,0,0,1,0,0,0,0,0,0,7,1,3,2,0,8,1,0,29,56.8966
test_1982,0,0,0,0,0,0,0,0,0,0,0,0,4,2,1,1,2,3,1,0,21,54.7619
test_1756,1,1,0,0,0,1,0,0,0,0,0,0,4,0,3,3,0,3,1,0,28,60.7143
test_1730,1,0,0,0,1,0,0,0,0,0,0,0,5,4,4,4,1,3,1,0,36,66.6667
test_1909,0,0,0,0,0,0,0,0,0,0,0,0,5,4,3,1,1,2,0,0,20,75.0000
test_1976,1,1,0,0,0,0,0,0,0,0,0,0,4,1,0,1,0,2,1,0,20,57.5000
test_1923,0,0,0,0,0,0,0,0,0,0,0,0,7,7,3,3,0,5,1,0,32,71.8750
test_1804,1,0,1,0,1,1,0,0,0,0,0,0,4,2,2,3,1,3,1,0,25,62.0000
test_1911,1,1,0,0,0,0,0,0,0,0,0,0,7,0,4,2,2,4,3,0,33,56.0606
train_151,1,1,0,0,1,0,0,0,0,0,0,0,4,0,2,3,0,2,1,0,20,65.0000
train_515,0,0,0,0,0,0,0,0,0,0,0,0,7,3,3,3,0,4,2,0,29,67.2414
train_21,1,1,0,0,0,0,0,0,0,0,0,0,4,0,3,3,1,2,0,0,17,70.5882
train_58,1,0,0,0,1,0,0,0,0,0,0,0,6,1,4,2,1,5,1,0,28,60.7143
train_393,1,0,0,0,0,1,0,0,0,0,0,0,2,1,4,2,0,3,0,0,19,65.7895
train_666,1,0,0,1,1,0,0,0,0,0,0,0,6,1,4,2,1,6,1,0,34,57.3529
train_258,0,0,0,0,0,0,0,0,0,0,0,0,4,2,1,3,0,2,2,0,21,64.2857
train_152,1,0,0,0,0,1,1,0,0,0,0,0,2,3,2,2,0,2,0,0,30,61.6667
train_1133,1,1,0,0,0,1,0,0,0,0,0,0,2,3,3,1,2,4,2,0,31,51.6129
train_83,1,1,0,0,0,0,1,0,0,0,0,0,3,2,4,2,0,3,2,0,24,62.5000
train_855,1,0,0,1,0,0,1,0,0,0,0,0,3,5,2,0,0,0,5,0,22,61.3636
train_1087,1,0,0,0,0,0,0,0,0,0,0,0,7,2,2,4,1,1,0,0,30,71.6667
train_370,1,0,0,0,0,0,0,1,0,0,0,0,5,1,2,3,2,2,0,0,20,67.5000
train_177,1,0,0,0,1,0,0,0,0,0,0,0,1,0,3,2,1,1,0,0,14,64.2857
train_731,1,0,0,1,0,1,1,0,0,0,0,0,4,1,4,1,0,4,2,0,27,57.4074
train_309,1,1,0,0,1,0,0,0,1,0,0,0,6,2,3,3,1,0,2,0,27,70.3704
train_51,1,0,0,0,0,0,0,0,0,0,0,0,3,1,4,2,0,2,1,0,21,66.6667
train_467,0,0,0,0,0,0,0,0,0,0,0,0,4,1,2,1,2,4,0,0,24,54.1667
train_1100,1,0,0,1,1,1,0,0,0,1,0,0,2,0,3,3,1,2,0,0,29,58.6207
train_1368,0,0,0,0,0,0,0,0,0,0,0,0,7,0,3,1,2,3,0,0,23,63.0435
train_64,1,0,0,0,1,1,0,0,0,0,0,0,3,3,3,1,0,1,2,0,26,63.4615
train_788,0,0,0,0,0,0,0,0,0,0,0,0,3,3,2,0,2,4,5,0,28,44.6429
train_60,1,1,0,0,1,0,0,0,0,0,0,0,6,0,6,5,2,4,0,0,38,64.4737
train_1460,0,0,0,0,0,0,0,0,0,0,0,0,4,4,2,3,1,1,3,0,25,66.0000
train_734,1,0,0,0,0,0,1,0,0,0,0,0,5,2,4,4,1,2,0,0,24,75.0000
train_631,0,0,0,0,0,0,0,0,0,0,0,0,2,3,0,0,3,5,1,0,21,40.4762
train_52,1,1,0,0,0,0,0,0,0,0,0,0,10,2,7,6,3,4,0,0,42,71.4286
train_882,1,0,0,0,0,1,0,0,0,0,0,0,5,2,4,1,1,1,0,0,24,70.8333
train_471,0,0,1,0,0,0,0,0,0,0,0,0,6,3,3,4,1,2,0,0,22,79.5455
train_1240,1,0,0,0,0,1,0,0,0,0,0,0,5,3,2,2,2,2,0,0,20,70.0000
train_206,0,0,0,0,0,0,0,0,0,0,0,0,3,2,2,0,3,1,1,0,16,56.2500
train_29,1,0,0,0,1,0,0,0,0,0,0,0,2,1,6,4,1,1,0,0,25,72.0000
train_1372,1,0,1,0,0,0,0,1,0,0,0,0,7,4,5,2,3,5,1,0,33,63.6364
train_919,1,0,0,0,0,0,0,0,0,0,0,0,6,2,3,1,2,2,1,0,24,64.5833
train_1139,0,0,0,0,0,0,0,0,0,0,0,0,6,3,3,1,3,3,1,0,29,60.3448
train_951,0,0,0,0,0,0,0,0,0,0,0,0,4,2,5,2,4,5,1,0,31,54.8387
train_322,1,0,0,0,0,1,0,0,0,0,0,0,5,4,4,4,0,2,0,0,26,78.8462
train_635,1,1,0,0,1,0,0,0,0,0,0,0,4,1,5,2,1,4,0,0,39,58.9744
train_475,1,0,0,0,1,0,0,0,0,0,0,0,3,0,6,2,0,2,0,0,23,69.5652
train_23,1,1,1,0,0,0,0,0,0,0,0,0,4,2,2,3,0,2,1,0,18,72.2222
train_1169,1,0,0,0,0,0,1,0,0,0,0,0,4,5,3,4,1,1,3,0,29,68.9655
train_777,0,0,0,0,0,0,0,0,0,0,0,0,4,1,3,1,1,2,2,0,22,59.0909
train_1146,0,0,0,0,0,0,0,0,0,0,0,0,3,1,1,2,0,1,1,0,11,72.7273
train_406,1,0,1,0,0,0,0,0,0,0,0,0,3,1,4,1,2,2,0,0,20,62.5000
train_844,1,0,0,0,0,0,0,0,0,0,0,0,2,1,1,0,0,1,0,0,9,66.6667
train_201,1,1,0,1,0,0,0,0,0,0,1,0,3,1,3,3,0,2,1,0,24,64.5833
train_849,1,0,0,0,0,1,0,0,0,0,0,0,3,6,3,0,1,3,0,0,23,67.3913
train_246,0,0,0,0,0,0,0,0,0,0,0,0,1,2,0,0,3,2,0,0,12,41.6667
train_427,1,1,0,0,1,0,0,0,0,0,0,0,2,1,1,3,0,1,0,0,16,68.7500
train_171,0,0,0,0,0,0,0,0,0,0,0,0,6,1,2,3,1,3,1,0,27,62.9630
train_935,0,0,0,0,1,0,0,0,0,0,0,0,5,1,5,3,1,3,2,0,23,67.3913
train_912,0,0,0,0,0,0,0,0,0,0,0,0,4,0,1,2,3,6,0,0,26,46.1538
train_253,1,0,0,0,1,1,0,0,0,0,0,0,3,1,3,1,0,1,1,0,24,62.5000
train_1026,1,1,0,0,0,0,0,0,0,0,0,0,6,0,1,2,1,3,1,0,22,59.0909
train_1509,0,0,0,0,0,0,0,0,0,0,0,0,3,1,4,1,2,4,0,0,24,56.2500
train_1443,1,1,1,0,1,0,0,0,0,0,0,0,5,2,2,2,0,2,0,0,20,72.5000
train_732,1,0,0,0,0,1,1,0,0,0,0,0,3,2,3,2,2,1,0,0,18,69.4444
train_576,0,0,0,0,0,0,0,0,0,0,0,0,3,1,2,1,1,1,1,0,13,65.3846
train_690,1,1,0,0,0,0,0,0,0,0,0,0,7,1,5,4,0,1,0,0,30,76.6667
train_682,1,0,0,0,1,0,0,0,0,0,0,0,3,3,2,3,0,0,1,0,24,70.8333
train_140,1,0,0,0,1,0,0,0,0,0,0,0,10,1,7,4,1,2,0,0,37,75.6757
train_47,1,0,0,0,1,0,0,0,0,0,0,0,4,1,2,2,1,2,1,0,25,60.0000
train_1147,1,0,0,0,1,0,0,0,0,0,0,0,5,1,2,1,0,2,4,0,20,57.5000
train_1130,0,0,0,0,0,0,0,0,0,0,0,0,7,1,4,3,0,2,1,0,22,77.2727
train_105,1,0,1,0,1,0,0,0,0,0,0,0,7,4,5,4,3,2,0,0,31,74.1935
train_824,0,0,0,0,0,0,0,0,0,0,0,0,3,2,1,1,2,2,1,0,16,56.2500
train_412,1,0,1,0,0,1,0,0,0,0,0,0,5,3,2,3,1,2,1,0,24,68.7500
train_674,0,0,0,0,0,0,0,0,0,0,0,0,6,3,3,2,1,3,1,0,22,70.4545
train_835,0,0,0,0,0,0,0,0,0,0,0,0,4,3,2,3,0,3,0,0,21,71.4286
train_216,1,0,0,0,1,1,0,0,1,0,0,0,8,1,4,3,1,6,1,0,41,59.7561
train_656,0,0,0,0,0,0,0,0,0,0,0,0,2,4,0,2,0,1,1,0,13,73.0769
train_736,1,1,0,0,1,1,0,0,0,0,0,0,9,2,3,2,1,4,1,0,35,64.2857
train_904,0,0,0,0,0,0,0,0,0,0,0,0,7,2,2,2,2,3,1,0,29,62.0690
train_679,0,0,0,0,0,0,0,0,0,0,0,0,5,1,1,2,1,3,1,0,17,61.7647
train_1454,0,0,0,0,0,0,0,0,0,0,0,0,9,3,2,3,0,1,0,0,23,84.7826
train_351,0,0,0,0,0,0,0,0,0,0,0,0,4,3,0,1,2,4,2,0,24,50.0000
train_332,1,0,0,0,0,1,0,0,0,0,0,0,2,1,2,1,1,1,0,0,13,65.3846
train_1355,0,0,0,0,0,0,0,0,0,0,0,0,5,2,2,0,2,3,1,0,23,56.5217
train_638,1,0,0,0,0,0,0,0,0,0,0,0,5,1,2,3,1,2,1,0,22,65.9091
train_1381,1,0,0,0,0,0,0,0,0,0,0,0,3,4,2,1,0,2,0,0,28,64.2857
train_46,1,1,0,0,1,1,0,0,0,0,0,0,2,0,3,2,0,1,0,0,25,62.0000
train_1233,1,0,0,0,0,1,0,0,0,0,0,0,5,0,2,2,0,1,0,0,14,78.5714
train_1290,1,1,0,0,0,0,0,0,0,0,0,0,5,0,3,0,0,2,0,0,19,65.7895
train_779,0,0,0,0,1,0,0,0,0,0,0,0,2,2,2,1,2,3,4,0,22,45.4545
train_1364,1,0,0,0,0,1,0,0,0,0,0,0,4,3,3,2,0,2,1,0,21,71.4286
train_641,0,0,0,0,0,0,0,0,0,0,0,0,5,2,2,2,2,3,0,0,19,65.7895
train_1365,1,0,1,0,0,0,0,0,0,0,0,0,6,1,1,2,1,2,1,0,27,61.1111
train_747,0,0,0,0,0,0,0,0,0,0,0,0,4,6,1,4,1,1,3,0,26,69.2308
train_1263,1,0,0,0,0,0,0,0,0,0,0,0,9,4,4,4,0,2,0,0,30,81.6667
train_1099,0,0,0,0,0,0,0,0,0,0,0,0,9,1,4,3,0,2,2,0,25,76.0000
train_1483,1,0,0,0,0,0,0,0,0,0,0,0,6,3,3,4,0,2,0,0,27,75.9259
train_645,0,0,0,0,0,0,0,0,0,0,0,0,4,2,2,3,1,4,0,0,20,65.0000
train_1117,0,0,0,0,0,0,0,0,0,0,0,0,2,0,3,0,4,7,2,0,31,37.0968
train_537,0,0,0,0,0,0,0,0,0,0,0,0,7,2,1,1,0,1,2,0,18,72.2222
train_540,1,1,0,0,0,0,0,0,0,0,0,0,2,0,1,2,0,2,1,0,13,57.6923
train_494,1,0,0,1,0,1,1,0,0,0,0,0,4,1,6,8,4,6,3,0,54,55.5556
train_891,1,0,0,0,0,0,0,1,0,0,0,0,5,2,1,2,1,3,1,0,21,61.9048
train_596,0,0,0,0,0,0,0,0,0,0,0,0,4,3,1,3,0,1,0,0,17,79.4118
train_959,1,0,0,0,0,0,1,1,0,0,0,0,6,0,2,4,0,2,0,0,22,72.7273
train_828,0,0,0,0,0,0,0,0,0,0,0,0,6,2,2,0,1,3,2,0,23,58.6957
train_1274,1,0,0,0,0,1,0,0,0,0,0,0,3,2,2,2,1,3,3,0,21,54.7619
train_1109,1,0,0,0,0,0,0,0,0,0,0,0,1,0,4,3,1,3,0,0,26,57.6923
train_245,1,1,1,0,1,1,1,0,0,0,0,0,1016,50,110,225,144,189,75,16,3082,65.8501
train_1319,1,0,0,1,0,0,0,0,0,0,0,0,3,1,2,4,0,1,0,0,15,80.0000
train_1287,1,1,0,0,1,1,0,0,0,0,0,0,4,4,2,3,2,2,2,0,29,62.0690
train_1106,0,0,0,0,0,0,0,0,0,0,0,0,3,1,2,0,2,4,0,0,15,50.0000
train_1292,0,0,0,0,0,0,0,0,0,0,0,0,10,1,2,3,2,4,1,0,30,65.0000
train_1389,0,0,0,0,0,0,0,0,0,0,0,0,5,0,3,1,3,5,1,0,23,50.0000
train_70,1,0,0,1,0,0,0,0,0,0,0,0,4,0,3,2,1,4,0,0,27,57.4074
train_795,0,0,0,0,0,0,0,0,0,0,0,0,5,0,2,0,3,2,0,0,16,56.2500
train_198,0,0,0,0,0,0,0,0,0,0,0,0,4,2,2,1,1,1,0,0,18,69.4444
train_1439,1,0,0,0,0,0,0,0,0,0,0,0,6,0,6,1,1,2,1,0,26,67.3077
train_1157,1,0,0,0,0,0,0,0,0,0,0,0,5,1,3,2,0,0,0,0,19,78.9474
train_1399,0,0,0,0,0,0,0,0,0,0,0,0,7,1,1,1,0,2,1,0,32,60.9375
train_833,0,0,0,0,0,0,0,0,0,0,0,0,8,2,3,4,3,2,0,0,30,70.0000
train_407,1,1,1,0,0,0,0,0,0,1,0,0,4,3,4,2,0,2,3,1,34,60.2941
train_1357,0,0,0,0,0,0,0,0,0,0,0,0,5,4,2,0,0,1,1,0,19,73.6842
train_447,1,0,0,0,1,1,0,0,0,0,0,0,4,1,2,3,0,2,1,0,23,65.2174
train_772,1,0,0,0,0,1,0,0,0,0,0,0,5,3,2,0,0,2,1,0,23,65.2174
train_62,1,0,0,0,1,0,0,0,0,0,0,0,6,0,1,1,3,5,0,0,27,50.0000
train_787,0,0,0,0,0,0,0,0,0,0,0,0,3,3,3,1,0,2,0,0,19,71.0526
train_115,1,0,0,0,1,0,0,0,0,0,0,0,2,1,1,1,1,0,0,0,10,70.0000
train_591,0,0,0,0,0,0,0,0,0,0,0,0,6,1,4,2,3,4,4,0,37,52.7027
train_936,0,0,0,0,0,0,0,0,0,0,0,0,4,0,2,2,3,5,2,0,26,46.1538
train_194,1,1,0,0,0,0,0,0,0,0,0,0,2,1,2,2,1,4,0,0,23,54.3478
train_829,0,0,0,0,0,0,0,0,0,0,0,0,5,4,2,2,1,4,1,1,29,60.3448
train_997,0,0,0,0,0,0,0,0,0,0,0,0,3,0,3,2,1,1,1,0,14,67.8571
train_958,1,0,0,0,0,0,1,0,0,0,0,0,6,1,6,4,1,3,1,0,30,70.0000
train_823,0,0,0,0,0,0,0,0,0,0,0,0,8,5,3,0,0,2,1,0,26,75.0000
train_1491,1,1,0,0,0,0,0,0,0,0,0,0,4,0,3,2,1,3,0,0,17,64.7059
train_1046,0,0,0,0,0,0,0,0,0,0,0,0,8,2,2,1,1,1,0,0,20,77.5000
train_1468,0,0,0,0,0,0,0,0,0,0,0,0,6,0,1,1,2,3,1,0,24,54.1667
train_962,1,0,1,0,0,1,0,1,0,1,0,0,2,1,3,2,0,1,1,0,18,66.6667
train_1135,1,1,0,1,0,0,0,0,0,0,0,0,3,2,5,3,0,0,0,0,21,80.9524
train_458,1,0,0,0,0,0,0,0,0,0,0,0,5,2,2,4,0,0,1,0,21,78.5714
train_1506,0,0,0,0,0,0,0,0,0,0,0,0,5,4,2,3,2,4,2,0,23,63.0435
train_205,1,0,0,0,0,1,0,1,0,0,0,0,1,0,2,1,0,3,2,0,23,47.8261
train_863,0,0,0,0,0,0,0,0,0,0,0,0,4,4,4,2,2,1,2,0,27,66.6667
train_913,1,0,0,0,0,1,0,0,0,0,0,0,8,2,5,6,7,6,1,0,45,57.7778
train_1331,0,0,0,0,0,0,0,0,0,0,0,0,4,2,0,1,0,4,2,0,18,52.7778
train_127,1,1,0,0,1,0,0,0,0,0,0,0,4,2,3,2,4,3,1,0,39,53.8462
train_321,1,0,0,0,0,1,0,0,0,0,0,0,2,1,1,0,0,1,1,0,13,57.6923
train_1037,1,0,0,0,1,0,0,0,0,0,0,0,7,2,2,3,1,5,0,0,28,64.2857
train_1494,0,0,0,0,0,0,0,0,0,0,0,0,5,4,2,1,1,2,0,0,20,72.5000
train_36,0,0,0,0,0,0,0,0,0,0,0,0,3,0,2,0,0,2,1,0,13,57.6923
train_1422,0,0,0,0,0,0,0,0,0,0,0,0,7,3,6,3,3,4,2,0,38,63.1579
train_654,1,1,1,0,0,1,0,0,0,0,0,0,2,1,3,2,1,1,0,0,23,63.0435
train_1126,0,0,0,0,0,0,0,0,0,0,0,0,7,1,4,5,3,5,1,0,37,60.8108
train_1007,1,0,0,0,1,0,0,0,0,0,0,0,7,1,4,3,2,2,1,0,26,69.2308
train_66,1,0,0,0,1,0,0,0,0,0,0,0,3,0,3,2,0,3,0,0,19,63.1579
train_411,0,0,1,0,0,0,0,0,0,0,0,0,5,3,1,1,0,4,2,0,22,59.0909
train_61,1,1,0,0,1,0,0,0,0,0,0,0,4,0,4,3,1,3,0,0,22,65.9091
train_172,0,0,0,0,0,0,0,0,0,0,0,0,3,1,1,1,3,4,2,0,26,44.2308
train_126,1,0,0,0,0,0,0,0,0,1,0,0,15,3,3,7,3,4,1,0,54,68.5185
train_937,0,0,0,0,0,0,0,0,0,0,0,0,7,1,3,1,1,2,2,0,23,65.2174
train_1174,0,0,0,0,0,0,0,0,0,0,0,0,4,1,0,2,0,2,0,0,16,65.6250
train_254,1,0,0,0,0,0,0,0,0,0,0,0,3,4,4,2,1,3,1,0,33,62.1212
train_214,0,0,0,0,0,0,0,0,0,0,0,0,3,0,2,2,0,1,1,0,13,69.2308
train_687,0,0,0,0,0,0,0,1,0,0,0,0,7,2,5,4,2,4,1,0,32,67.1875
train_1074,1,0,1,0,1,1,0,0,0,0,0,0,5,0,5,2,0,1,0,0,21,76.1905
train_920,1,0,0,0,0,0,0,0,0,0,0,0,7,2,3,3,1,3,0,0,26,71.1538
train_1386,1,1,1,0,0,1,0,0,0,0,0,0,2,2,4,2,1,4,1,0,24,58.3333
train_883,0,0,0,0,0,0,0,0,0,0,0,0,8,3,4,2,0,4,4,0,30,65.0000
train_1304,1,0,1,0,0,0,0,0,0,0,0,0,6,1,3,2,1,1,1,0,21,71.4286
train_1398,1,0,0,0,1,1,0,0,0,0,0,0,6,2,3,2,1,4,0,0,24,66.6667
train_155,1,0,0,0,0,0,1,0,0,0,0,0,2,1,4,1,0,3,3,0,25,54.0000
train_452,0,0,0,0,0,0,0,0,0,0,0,0,10,4,2,0,0,4,2,0,33,65.1515
train_1279,1,1,0,0,0,0,1,0,0,0,0,0,7,0,6,4,0,1,0,0,22,86.3636
train_1003,1,0,0,0,0,0,0,0,0,0,0,0,3,2,0,0,0,4,2,0,20,47.5000
train_250,1,0,0,0,0,0,0,0,0,0,0,0,6,1,3,4,1,3,0,0,21,73.8095
train_876,0,0,0,0,0,0,0,0,0,0,0,0,6,1,4,2,2,3,0,0,24,66.6667
train_63,1,0,1,0,1,1,1,0,0,0,0,0,5,4,3,4,0,1,1,0,29,74.1379
train_613,0,0,0,0,0,0,0,0,0,0,0,0,2,1,0,0,0,5,2,0,14,35.7143
train_544,1,1,0,0,1,0,0,0,0,0,0,0,7,0,2,4,1,3,1,0,30,63.3333
train_1400,1,0,0,0,0,1,0,0,0,0,0,0,4,6,3,3,1,2,1,0,30,70.0000
train_22,1,1,0,0,0,0,0,0,0,0,0,0,2,2,1,1,0,1,1,0,13,65.3846
train_526,1,1,1,0,1,1,0,0,0,0,0,0,5,1,8,4,0,2,2,0,42,66.6667
train_941,0,0,0,0,0,0,0,0,0,0,0,0,8,1,3,3,1,3,0,0,24,72.9167
train_1083,1,0,0,0,0,1,0,0,0,0,0,0,3,1,3,0,1,1,0,0,12,70.8333
train_1467,1,0,0,0,1,1,0,0,0,0,0,0,1,0,5,3,0,2,0,0,24,64.5833
train_1105,1,1,0,0,0,0,0,0,0,0,0,0,7,3,1,3,0,4,0,0,33,65.1515
train_1309,1,1,0,1,0,1,0,0,0,0,0,0,7,2,5,4,1,4,1,0,35,67.1429
train_910,0,0,0,0,0,0,0,0,0,0,0,0,11,2,5,5,0,2,3,0,35,75.7143
train_1322,1,1,0,0,0,0,0,0,0,0,0,0,3,3,2,0,5,5,5,0,36,40.2778
train_945,0,0,0,0,0,0,0,0,0,0,0,0,7,4,0,4,2,5,3,0,33,57.5758
train_1142,1,1,0,0,0,0,0,0,0,0,0,0,6,1,5,2,1,3,0,0,26,69.2308
train_608,0,0,0,0,0,0,0,0,0,0,0,0,6,0,5,4,1,2,0,0,19,81.5789
train_41,1,1,0,0,1,0,0,0,0,0,0,0,8,0,3,3,0,6,0,0,45,58.8889
train_1089,0,0,0,0,0,0,0,0,0,0,0,0,3,3,0,2,2,4,1,0,28,51.7857
train_185,1,0,0,0,1,1,0,0,0,0,0,0,6,2,8,3,1,3,2,0,34,69.1176
train_948,1,1,0,0,0,1,1,0,0,0,0,0,0,1,3,1,0,2,3,0,20,50.0000
train_843,1,0,0,0,0,1,0,0,0,0,0,0,7,6,4,1,0,1,1,0,29,77.5862
train_864,0,0,0,0,0,0,0,0,0,0,0,0,3,1,2,1,1,2,4,0,17,50.0000
train_740,1,0,0,0,0,1,1,0,0,0,0,0,3,0,5,4,0,1,0,0,27,70.3704
train_42,1,1,0,0,0,0,0,0,0,0,0,0,7,1,4,4,2,4,0,0,31,66.1290
train_53,0,0,0,0,0,0,0,0,0,0,0,0,8,0,2,6,0,8,1,0,35,60.0000
train_1457,1,0,0,0,0,0,0,0,0,0,0,0,6,3,6,2,2,2,2,0,30,68.3333
train_1342,1,0,0,0,1,0,0,0,0,0,0,0,240,18,28,53,44,52,15,7,774,64.2765
train_187,1,0,0,0,0,1,0,0,0,0,0,0,3,0,5,3,0,3,0,0,23,67.3913
train_399,1,0,1,0,0,1,1,0,0,0,0,0,6,2,1,3,1,6,0,0,36,56.9444
train_346,1,1,1,0,1,1,1,0,1,1,0,0,852,51,75,170,164,164,80,19,2713,63.2879
train_1243,0,0,0,0,0,0,0,0,0,0,0,0,5,0,0,1,2,4,0,0,20,50.0000
train_714,0,0,0,0,0,0,0,0,0,0,0,0,5,3,2,2,1,1,2,0,21,69.0476
train_1416,0,0,0,0,0,0,0,0,0,0,0,0,11,3,5,5,0,4,0,0,35,78.5714
train_1031,1,0,0,0,0,1,0,0,0,0,0,0,5,1,6,3,0,2,1,0,27,72.2222
train_982,0,0,0,0,0,0,0,0,0,0,0,0,3,0,4,1,2,4,1,0,22,52.2727
train_1403,0,0,0,0,0,0,0,0,0,0,0,0,7,2,4,3,2,4,0,0,27,68.5185
train_1490,1,0,0,0,0,0,1,0,0,0,0,0,3,2,1,1,0,1,1,0,13,69.2308
train_1021,1,1,0,0,0,0,0,0,0,0,0,0,7,3,3,4,1,4,2,0,38,63.1579
train_430,1,0,0,0,0,1,1,0,0,0,0,0,5,5,3,0,1,2,0,0,44,61.3636
train_1042,1,0,0,0,0,1,1,0,0,0,0,0,4,3,2,3,1,2,1,0,22,68.1818
train_652,1,0,0,0,0,1,0,0,0,1,0,0,2,7,3,2,1,3,2,0,33,62.1212
train_609,0,0,0,0,1,0,0,0,0,0,0,0,4,0,1,1,1,1,1,0,14,60.7143
train_792,0,0,0,0,0,0,0,0,0,0,0,0,7,1,3,1,0,4,3,0,27,59.2593
train_1075,0,0,0,0,0,0,0,0,0,0,0,0,6,1,3,3,3,5,1,0,28,57.1429
train_1048,1,0,0,0,1,0,0,0,0,0,0,0,1,0,3,2,1,3,0,0,20,55.0000
train_381,1,1,0,0,0,1,0,0,0,0,0,1,3,2,2,3,0,2,2,0,21,64.2857
train_418,0,0,0,0,0,0,0,0,0,0,0,0,3,2,2,1,0,3,2,0,18,58.3333
train_626,0,0,0,0,0,0,0,0,0,0,0,0,9,0,2,2,0,3,1,0,24,68.7500
train_1158,1,1,0,0,1,0,0,0,0,0,0,0,6,4,5,4,1,5,4,0,40,61.2500
train_1484,0,0,0,0,0,0,0,0,0,0,0,0,5,2,2,2,1,2,3,0,27,59.2593
train_400,1,0,1,0,0,1,0,0,0,0,0,0,4,1,3,1,3,4,1,0,31,51.6129
train_124,1,0,0,0,0,1,0,0,0,0,0,0,6,2,4,3,2,4,1,0,32,62.5000
train_845,0,0,0,0,0,0,0,0,0,0,0,0,5,5,2,1,2,3,2,0,25,62.0000
train_1154,1,1,0,0,0,0,0,0,0,0,0,0,2,2,2,0,5,1,1,0,20,47.5000
train_278,1,1,0,0,1,1,0,0,0,0,0,0,4,3,4,2,0,1,0,0,23,76.0870
train_444,1,0,1,0,0,0,0,0,0,0,0,0,3,3,3,1,2,1,0,0,20,67.5000
train_13,1,0,1,0,0,0,0,0,1,0,0,0,0,0,2,1,1,1,1,0,10,50.0000
train_826,0,0,0,0,0,0,0,0,0,0,0,0,5,1,2,3,3,4,0,0,26,57.6923
train_1434,1,0,0,0,0,1,0,0,0,0,0,0,4,0,2,2,0,4,3,0,21,52.3810
train_1346,1,1,0,0,1,0,0,1,1,0,0,0,6,2,3,3,0,1,0,0,28,73.2143
train_934,0,0,0,0,0,0,0,0,0,0,0,0,8,3,6,3,4,4,2,0,37,63.5135
train_1306,1,1,1,0,1,1,1,0,0,0,0,0,4,3,3,2,0,2,0,0,25,70.0000
train_1349,0,0,0,0,0,0,0,0,0,0,0,0,5,2,2,1,0,2,0,0,17,73.5294
train_1493,0,0,0,0,0,0,0,0,0,0,0,0,6,3,4,2,5,5,2,0,40,53.7500
train_1426,1,0,0,0,0,0,0,1,0,0,0,0,6,4,3,4,0,1,1,0,24,81.2500
train_84,1,0,0,0,1,0,0,0,0,0,0,0,4,3,1,1,2,2,0,0,19,63.1579
train_877,0,0,0,0,1,0,0,0,0,0,0,0,3,5,2,2,0,1,0,0,16,84.3750
train_902,0,0,0,0,0,0,0,0,0,0,0,0,7,4,0,4,1,1,4,0,26,67.3077
train_1376,1,1,0,0,0,0,0,0,0,0,0,0,3,1,1,2,0,2,0,0,17,64.7059
train_195,1,0,1,0,0,0,0,0,1,0,0,0,3,1,2,4,0,1,0,0,17,76.4706
train_490,1,0,0,0,1,1,0,0,0,0,0,0,9,1,6,2,0,3,1,0,38,68.4211
train_95,1,0,0,0,0,0,0,0,0,0,0,0,2,1,2,1,0,2,0,0,15,63.3333
train_575,0,0,0,0,0,0,0,0,0,0,0,0,6,3,1,4,1,4,1,0,26,65.3846
train_1067,0,0,0,0,0,0,0,0,0,0,0,0,8,4,5,2,2,4,4,0,36,62.5000
train_1259,0,0,0,0,0,0,0,0,0,0,0,0,6,4,2,4,3,3,1,0,29,65.5172
train_1122,0,0,0,0,0,0,0,0,0,0,0,0,7,0,2,1,3,4,1,0,26,53.8462
train_1379,1,0,0,0,0,0,0,1,0,0,0,0,5,1,3,1,0,5,1,0,25,58.0000
train_143,1,0,0,0,1,1,0,0,0,0,0,0,5,1,1,3,0,1,0,0,16,78.1250
train_11,1,1,0,1,1,1,0,0,0,1,0,0,2,0,7,4,1,3,1,0,41,59.7561
train_588,0,0,0,0,0,0,0,0,0,0,0,0,7,2,4,3,3,2,3,0,34,61.7647
train_1406,1,0,0,0,1,1,0,0,0,0,0,0,2,0,2,3,0,1,0,0,17,67.6471
train_59,1,1,0,0,1,1,0,0,0,0,0,0,11,6,5,3,5,6,1,0,52,62.5000
train_337,1,0,1,0,1,0,0,0,0,0,0,0,3,1,1,1,0,2,0,0,16,62.5000
train_149,1,0,0,0,1,1,0,0,0,0,0,0,5,0,2,4,0,3,0,0,24,66.6667
train_721,1,0,1,0,0,0,1,0,0,0,0,0,7,3,3,3,0,0,2,0,27,75.9259
train_1084,0,0,0,0,0,0,0,0,0,0,0,0,7,3,1,1,2,3,5,0,34,52.9412
train_363,1,0,0,0,0,0,0,0,0,0,0,0,5,1,4,3,0,2,3,0,22,68.1818
train_98,1,0,0,0,0,1,0,0,0,0,0,0,4,0,4,2,0,2,1,0,20,67.5000
train_3,1,0,0,0,1,0,0,0,0,0,0,0,4,2,4,3,0,3,0,0,28,67.8571
train_1063,0,0,0,0,0,0,0,0,0,0,0,0,5,0,3,2,1,2,1,0,18,66.6667
train_292,1,0,0,0,0,0,0,0,0,0,0,0,9,2,4,4,0,2,0,0,26,82.6923
train_416,1,0,1,0,0,0,0,0,0,0,0,0,4,4,4,3,1,1,1,0,23,76.0870
train_725,1,1,0,0,0,0,0,0,0,0,0,0,6,2,3,5,1,1,0,0,32,71.8750
train_1036,1,0,0,0,1,0,0,0,0,0,0,0,3,1,1,3,0,1,0,0,18,69.4444
train_391,1,0,0,0,1,1,0,0,0,0,0,0,5,2,5,3,0,3,1,0,25,72.0000
train_378,1,0,0,0,1,0,0,0,0,0,0,0,4,1,2,3,3,4,0,0,25,56.0000
train_894,1,0,0,0,0,0,1,0,0,0,0,0,3,2,2,4,1,3,2,0,24,60.4167
train_726,0,0,0,0,0,0,1,0,0,0,0,0,6,1,3,2,1,2,2,0,22,65.9091
train_1412,1,0,0,0,0,1,0,0,0,0,0,0,7,1,5,4,1,5,3,0,36,61.1111
train_1085,1,0,0,0,0,0,0,0,0,0,0,0,6,2,6,5,0,2,0,0,25,84.0000
train_229,0,0,0,0,0,0,1,0,0,0,0,0,3,2,1,3,2,5,3,0,27,48.1481
train_1214,0,0,0,0,0,0,0,0,0,0,0,0,2,0,1,2,1,2,1,0,15,53.3333
train_289,1,0,0,0,1,0,0,0,0,0,0,0,5,2,3,4,1,2,1,0,23,71.7391
train_65,1,1,0,0,0,1,0,0,0,0,0,0,4,2,5,3,0,3,1,0,32,65.6250
train_702,1,0,1,0,1,1,0,0,0,0,0,0,5,3,1,3,1,2,0,0,21,71.4286
train_1231,1,1,0,0,0,1,0,0,0,0,0,0,7,3,7,3,0,3,0,0,36,73.6111
train_299,1,0,0,0,1,0,0,0,0,0,0,0,4,3,4,6,0,3,2,0,32,68.7500
train_1253,0,0,0,0,0,0,0,0,0,0,0,0,7,2,4,5,1,2,0,0,25,80.0000
train_1430,0,0,0,0,0,0,0,0,0,0,0,0,6,2,1,0,2,3,0,0,20,60.0000
train_996,1,0,0,0,1,1,0,0,0,0,0,0,2,0,2,1,2,3,0,0,25,50.0000
train_1473,0,0,0,0,0,0,0,0,0,0,0,0,1,0,1,1,2,2,1,0,11,40.9091
train_1380,0,0,0,0,0,0,0,0,0,0,0,0,5,1,1,2,0,3,1,0,19,63.1579
train_889,0,0,0,0,0,0,0,0,0,0,0,0,8,1,5,4,0,2,2,0,26,76.9231
train_1345,1,0,1,0,0,1,0,0,0,0,0,0,6,2,2,2,1,1,0,0,30,66.6667
train_1497,1,0,1,0,1,1,0,0,0,0,0,0,5,1,2,1,0,2,4,0,24,56.2500
train_791,0,0,0,0,0,0,0,0,0,0,0,0,4,3,3,1,3,2,0,0,20,65.0000
train_601,0,0,0,0,0,0,0,0,0,0,0,0,3,0,2,0,1,2,0,0,14,57.1429
train_1095,1,0,1,0,0,1,0,0,0,0,0,0,11,2,6,7,1,4,0,0,39,76.9231
train_848,0,0,0,0,0,0,0,0,0,0,0,0,3,2,2,2,4,7,1,0,25,44.0000
train_1449,1,1,0,0,0,0,0,0,0,0,0,0,3,2,1,2,3,3,1,0,20,52.5000
train_693,1,1,0,0,0,0,0,0,0,0,0,0,2,0,2,2,1,5,1,0,24,47.9167
train_553,0,0,0,0,0,0,0,0,0,0,0,0,11,3,2,3,2,6,0,0,33,66.6667
train_10,0,0,0,0,0,0,0,0,0,0,0,0,6,0,5,5,1,6,1,0,32,62.5000
train_116,1,0,0,0,1,1,1,0,0,0,0,0,6,2,2,2,1,4,0,0,30,61.6667
train_987,1,0,0,0,0,1,0,0,0,0,0,0,4,5,2,1,1,1,2,0,22,68.1818
train_1195,1,0,0,0,0,0,1,0,0,0,0,0,2,0,2,2,2,0,4,0,24,50.0000
train_248,1,0,0,0,0,0,0,0,0,0,1,0,3,2,3,2,0,1,0,0,18,75.0000
train_840,1,0,0,0,1,1,0,0,0,0,0,0,3,4,4,2,1,3,0,0,29,65.5172
train_225,1,0,0,0,0,0,0,0,0,0,0,0,2,1,1,1,2,3,1,0,19,47.3684
train_647,0,0,0,0,0,0,0,0,0,0,0,0,7,1,1,3,3,2,0,0,24,64.5833
train_1315,1,0,1,1,0,0,0,0,0,0,0,0,5,4,3,1,0,1,1,0,20,77.5000
train_377,1,0,0,0,0,0,1,0,0,0,0,0,2,1,2,3,1,2,1,0,15,63.3333
train_879,0,0,0,0,0,0,0,0,0,0,0,0,4,2,3,4,1,1,1,0,20,75.0000
train_398,0,0,0,0,0,0,0,0,0,0,0,0,5,3,2,4,2,2,2,0,26,65.3846
train_709,0,0,0,0,0,0,0,0,0,0,0,0,7,2,3,3,0,3,0,0,22,77.2727
train_710,0,0,0,0,0,0,0,0,0,0,0,0,3,3,3,1,2,4,2,0,29,53.4483
train_5,0,0,0,0,0,0,0,0,0,0,0,0,4,1,1,1,0,3,0,0,12,66.6667
train_8,1,0,0,1,0,0,0,0,0,0,0,0,5,2,4,3,0,2,0,0,29,70.6897
train_114,1,1,0,0,0,1,0,0,0,0,0,0,8,3,4,1,2,5,0,0,37,62.1622
train_1486,0,0,0,0,0,0,0,0,0,0,0,0,2,0,2,1,1,2,0,0,12,58.3333
train_1300,0,0,0,0,0,0,0,0,0,0,0,0,10,1,4,3,0,5,0,0,30,71.6667
train_179,1,0,0,0,1,0,0,0,0,0,0,0,4,0,1,2,0,2,2,0,17,58.8235
train_852,0,0,0,0,0,0,0,0,0,0,0,0,4,1,0,2,0,2,1,0,13,65.3846
train_462,0,0,0,0,0,0,0,0,0,0,0,0,5,1,2,3,2,3,0,0,21,64.2857
train_612,0,0,0,0,0,0,0,0,0,0,0,0,6,1,3,1,0,2,1,0,22,68.1818
train_1485,0,0,0,0,0,0,0,0,0,0,0,0,8,1,5,3,1,4,0,0,28,71.4286
train_109,0,0,0,0,0,0,0,0,0,0,0,0,4,0,2,3,0,2,1,0,14,71.4286
train_802,0,0,0,0,0,0,0,0,0,0,0,0,4,2,1,0,2,3,2,0,19,50.0000
train_489,1,1,0,0,0,0,0,0,0,0,0,0,4,2,3,3,1,2,0,0,24,68.7500
train_421,1,0,0,0,0,1,0,0,0,0,0,0,2,4,3,1,0,0,0,0,15,83.3333
train_409,0,0,0,0,0,0,0,0,0,0,0,0,6,2,3,4,2,3,2,0,30,63.3333
train_846,1,1,0,0,0,0,0,0,0,0,0,0,7,2,2,1,1,3,4,0,30,56.6667
train_1420,1,0,0,0,1,0,0,0,0,0,0,0,3,1,2,0,0,1,0,0,12,70.8333
train_1161,0,0,0,0,0,0,0,0,0,0,0,0,9,0,3,7,1,7,1,0,41,62.1951
train_738,1,0,0,0,1,0,0,0,0,0,0,0,4,2,3,1,0,2,0,0,21,69.0476
train_1438,1,0,0,0,0,0,1,0,0,0,0,0,6,0,6,2,2,3,1,0,29,63.7931
train_989,1,1,0,0,0,0,0,0,0,0,0,0,2,1,2,1,1,3,2,0,20,50.0000
train_182,0,0,1,0,0,0,0,0,0,0,0,0,4,2,1,3,0,2,0,0,15,76.6667
train_315,0,0,0,0,0,0,0,0,0,0,0,0,5,0,2,1,4,3,2,0,20,47.5000
train_252,0,0,0,0,0,0,0,0,0,0,0,0,3,1,0,2,1,2,1,0,16,56.2500
train_719,1,0,1,0,0,1,0,0,0,0,0,0,6,3,7,4,1,4,0,0,37,70.2703
train_1187,1,0,0,0,1,0,0,0,0,0,0,0,4,1,1,1,1,2,0,0,18,61.1111
train_25,1,0,0,0,1,1,0,0,0,0,0,0,3,0,2,1,1,1,0,0,19,60.5263
train_305,1,0,0,0,0,1,0,0,0,0,0,0,3,1,2,1,1,2,2,0,16,56.2500
train_1217,0,0,0,0,0,0,0,0,0,0,0,0,9,2,4,3,0,4,0,0,29,74.1379
train_1199,0,0,0,0,0,0,0,0,0,0,0,0,5,3,3,1,1,1,1,0,16,78.1250
train_595,0,0,0,0,0,0,0,0,0,0,0,0,5,0,4,4,1,4,1,0,25,64.0000
train_413,0,0,1,0,0,0,0,0,0,0,0,0,7,2,3,5,2,3,1,0,31,67.7419
train_534,0,0,0,0,0,0,0,0,0,0,0,0,5,0,2,4,0,3,1,0,21,66.6667
train_324,1,1,0,0,0,0,1,0,0,0,0,0,4,1,2,2,0,2,1,0,22,63.6364
train_644,0,0,0,0,0,0,0,0,0,0,0,0,9,2,6,2,0,3,3,0,31,70.9677
train_180,0,0,0,0,0,0,0,0,0,0,0,0,6,0,1,3,0,5,3,0,25,54.0000
train_134,0,0,0,0,0,0,0,0,0,0,0,0,8,1,2,3,0,6,1,1,34,58.8235
train_1465,0,0,0,0,0,0,0,0,0,0,0,0,5,2,4,3,2,4,0,0,24,66.6667
train_892,1,0,0,1,1,0,1,0,0,0,0,0,2,0,3,4,0,0,0,0,24,68.7500
train_1210,1,1,0,0,1,0,0,0,0,0,0,0,3,0,2,3,0,2,0,0,19,65.7895
train_1396,1,0,0,0,0,0,0,0,0,0,0,0,5,2,3,2,0,2,0,0,17,79.4118
train_386,1,1,0,0,0,0,0,0,0,0,0,0,4,2,4,3,0,2,2,0,30,65.0000
train_1413,1,0,0,0,0,1,0,0,0,0,0,0,4,1,3,2,1,2,0,0,23,65.2174
train_955,1,0,1,0,1,0,0,0,0,0,0,0,2,1,4,0,0,1,0,0,14,71.4286
train_1200,1,0,1,0,1,1,0,0,0,0,0,0,9,3,4,2,1,4,0,0,33,69.6970
train_809,0,0,0,0,0,0,0,0,0,0,0,0,4,3,2,1,2,2,1,0,18,63.8889
train_589,0,0,0,0,0,0,0,0,0,0,0,0,4,3,1,0,1,2,2,0,19,57.8947
train_1017,1,0,0,0,0,1,0,0,0,0,0,0,2,1,1,2,0,1,0,0,16,65.6250
train_469,0,0,0,0,0,0,0,0,0,0,0,0,3,4,1,1,1,2,1,0,20,62.5000
train_1219,1,0,1,0,0,1,0,0,0,0,0,0,3,4,3,2,3,4,0,0,24,60.4167
train_542,1,1,1,0,0,0,0,0,0,0,0,0,7,0,3,3,0,1,0,0,18,83.3333
train_104,0,0,1,0,0,0,0,0,0,0,0,0,6,3,1,4,1,3,0,0,25,70.0000
train_368,0,0,0,0,0,0,0,0,0,0,0,0,9,1,4,3,0,5,2,0,28,67.8571
train_1137,1,1,0,0,0,1,0,0,0,0,0,0,4,3,2,3,0,2,0,0,18,77.7778
train_969,0,0,0,0,0,0,0,0,0,0,0,0,6,2,4,4,1,2,2,0,25,72.0000
train_135,1,0,0,0,0,1,0,0,0,0,0,0,4,5,3,2,0,3,1,0,24,70.8333
train_1212,1,0,0,0,0,1,0,0,0,0,0,0,6,3,3,1,0,4,1,0,22,68.1818
train_1102,0,0,0,0,0,0,0,0,0,0,0,0,7,4,3,3,0,0,0,0,21,90.4762
train_311,0,0,0,0,0,0,0,0,0,0,0,0,4,2,1,2,0,2,0,0,14,75.0000
train_858,0,0,0,0,0,0,0,0,0,0,0,0,5,1,4,2,5,3,0,0,25,58.0000
train_814,0,0,0,0,0,0,0,0,0,0,0,0,5,3,2,3,1,2,1,0,22,70.4545
train_112,1,1,0,0,1,1,1,0,0,0,0,0,3,2,7,2,1,3,0,0,41,62.1951
train_841,1,0,0,0,1,1,0,0,0,0,0,0,6,2,4,2,2,4,4,0,35,55.7143
train_456,0,0,0,0,0,0,0,0,0,0,0,0,6,2,2,1,1,2,0,0,17,73.5294
train_561,0,0,0,0,0,0,0,0,0,0,0,0,3,0,0,2,2,3,1,0,16,46.8750
train_297,0,0,0,0,0,0,0,0,0,0,0,0,8,1,2,3,1,3,1,0,26,67.3077
train_1112,0,0,0,0,0,0,0,0,0,0,0,0,8,1,4,3,0,3,0,0,25,76.0000
train_243,0,0,1,0,0,0,0,0,0,0,0,0,5,5,2,4,0,3,1,0,25,74.0000
train_133,1,1,0,0,1,0,0,0,0,0,0,0,4,1,3,3,0,3,1,0,26,63.4615
train_1059,0,0,0,0,0,0,0,0,0,0,0,0,9,0,2,2,0,5,0,0,26,65.3846
train_1411,0,0,0,0,0,0,0,0,0,0,0,0,8,4,5,4,4,4,1,0,40,65.0000
train_1447,1,1,1,0,1,0,0,0,0,0,0,0,1,2,1,2,0,1,0,0,23,60.8696
train_1321,1,0,0,0,1,0,0,0,0,0,0,0,2,1,2,2,0,1,0,0,17,67.6471
train_619,0,0,0,0,0,0,0,0,0,0,0,0,6,1,1,0,3,4,2,0,23,47.8261
train_977,1,0,0,0,0,0,0,0,0,0,0,0,6,1,3,1,1,5,1,0,23,58.6957
train_1479,0,0,0,0,0,0,0,0,0,0,0,0,4,1,3,1,1,2,0,0,18,66.6667
train_153,1,0,0,0,0,0,1,0,0,0,0,0,4,1,1,2,0,1,1,0,19,65.7895
train_1464,1,0,0,1,1,0,0,0,0,0,0,0,1,2,3,2,1,0,0,0,20,67.5000
train_921,0,0,0,0,0,0,0,0,0,0,0,0,5,2,3,1,4,1,0,0,28,60.7143
train_136,0,0,0,0,0,0,0,0,0,0,0,0,4,2,1,1,0,4,1,0,18,58.3333
train_1167,1,1,0,0,0,0,0,0,0,0,0,0,1,0,1,1,1,1,2,0,12,45.8333
train_9,1,0,0,0,0,1,0,0,0,0,0,0,3,1,3,1,0,1,1,0,14,71.4286
train_1359,0,0,0,0,0,0,0,0,0,0,0,0,3,4,2,0,0,4,1,0,18,61.1111
train_884,1,0,0,0,0,1,0,0,0,0,0,0,4,2,3,2,0,1,1,0,20,72.5000
train_525,0,0,0,0,0,0,0,0,0,0,0,0,4,1,2,1,1,2,1,0,16,62.5000
train_492,1,0,1,0,1,1,0,0,0,0,0,0,4,6,3,4,0,1,0,0,31,75.8065
train_1050,0,0,0,0,0,0,0,0,0,0,0,0,6,2,3,2,2,2,0,0,26,67.3077
train_1194,1,0,0,0,1,0,0,0,0,0,0,0,4,0,3,1,1,1,0,0,12,75.0000
train_1191,0,0,0,0,0,0,0,0,0,0,0,0,8,4,5,2,2,5,3,0,34,63.2353
train_1270,1,0,1,0,0,1,0,0,0,0,0,0,9,4,4,0,1,1,3,0,34,67.6471
train_17,1,0,0,0,0,0,0,0,0,0,0,0,8,2,2,1,0,4,0,0,22,70.4545
train_1152,0,0,0,0,0,0,0,0,0,0,0,0,3,2,2,0,1,3,1,0,16,56.2500
train_697,1,0,0,0,0,1,0,0,0,0,0,0,6,4,7,5,0,0,0,0,32,84.3750
train_753,0,0,0,0,0,0,0,0,0,0,0,0,6,2,3,3,2,2,1,0,26,67.3077
train_457,0,0,0,0,0,0,0,0,0,0,0,0,6,2,4,1,2,4,0,0,22,65.9091
train_1093,0,0,0,0,0,0,0,0,0,0,0,0,7,1,4,5,3,3,0,0,26,71.1538
train_281,1,0,1,0,1,1,0,0,0,0,0,0,4,2,5,1,0,2,0,0,24,70.8333
train_704,0,0,0,0,0,0,0,0,0,0,0,0,7,4,6,2,2,3,1,0,40,66.2500
train_624,0,0,0,0,0,0,0,0,0,0,0,0,7,2,3,2,0,2,0,0,19,81.5789
train_213,0,0,0,0,0,0,0,0,0,0,0,0,2,0,1,2,0,0,0,0,7,85.7143
train_1334,0,0,0,0,0,0,0,0,0,0,0,0,3,1,3,1,3,4,3,0,22,45.4545
train_572,0,0,0,0,0,0,0,0,0,0,0,0,3,3,1,2,1,1,0,0,14,75.0000
train_1266,0,0,0,0,0,0,0,0,0,0,0,0,4,2,3,3,0,4,1,0,27,62.9630
train_812,0,0,0,0,0,0,0,0,0,0,0,0,4,2,3,1,1,3,1,0,18,63.8889
train_1235,0,0,0,0,0,0,0,0,0,0,0,0,2,5,0,0,4,3,1,0,23,47.8261
train_498,0,0,0,0,0,0,0,0,0,0,0,0,7,2,3,0,1,3,2,0,22,63.6364
train_670,1,0,0,1,0,0,0,0,0,0,0,0,4,0,2,3,0,1,0,0,13,80.7692
train_1224,1,0,0,0,0,0,0,0,0,0,0,0,6,2,6,1,2,3,2,0,26,65.3846
train_712,1,1,0,0,0,0,1,0,0,0,0,0,3,0,3,2,1,3,2,0,23,54.3478
train_931,0,0,0,0,0,0,0,0,0,0,0,0,7,4,7,5,1,5,5,0,40,65.0000
train_769,1,0,0,0,1,1,0,0,0,0,0,0,6,1,3,1,0,0,1,0,23,71.7391
train_67,1,0,0,0,0,0,1,0,0,0,0,0,7,3,4,5,1,4,0,0,38,68.4211
train_1227,1,0,0,0,1,0,0,0,0,0,0,0,3,0,1,2,0,2,1,0,14,60.7143
train_120,1,0,1,0,0,0,0,0,1,0,0,0,3,3,3,3,0,1,0,0,20,77.5000
train_1045,1,0,0,0,1,1,1,0,0,0,0,0,6,2,5,4,0,2,0,0,27,77.7778
train_1023,0,0,0,0,0,0,0,0,0,0,0,0,7,3,1,1,0,4,0,0,24,66.6667
train_92,1,1,1,0,0,0,0,0,0,0,0,0,7,0,2,3,0,4,1,0,23,65.2174
train_677,1,0,0,0,0,0,1,0,0,0,0,0,3,1,1,1,0,2,0,0,17,61.7647
train_1394,0,0,0,0,0,0,0,0,0,0,0,0,3,0,1,1,1,6,2,0,22,40.9091
train_1347,0,0,0,0,0,0,0,0,0,0,0,0,4,1,3,4,1,3,4,1,23,56.5217
train_1008,1,1,0,0,0,0,0,0,0,0,0,0,6,1,2,5,1,2,0,0,21,76.1905
train_783,0,0,0,0,0,0,0,0,0,0,0,0,5,2,3,2,0,2,1,0,22,70.4545
train_285,1,0,1,0,1,1,0,0,0,0,0,0,5,3,3,3,2,5,1,0,32,59.3750
train_231,0,0,0,0,0,0,0,0,0,0,0,0,4,1,2,3,0,2,1,0,16,71.8750
train_224,1,0,0,0,0,0,0,0,0,0,0,0,2,0,2,1,0,3,1,0,13,53.8462
train_776,0,0,0,0,0,0,0,0,0,0,0,0,4,1,3,0,3,1,3,0,25,52.0000
train_1281,1,0,0,1,1,0,0,0,0,0,0,0,6,1,3,3,1,2,0,0,28,67.8571
train_922,0,0,0,0,0,0,0,0,0,0,0,0,8,4,3,2,1,3,0,0,26,75.0000
train_1222,1,0,0,0,1,0,0,0,0,0,0,0,2,4,1,1,1,1,0,0,14,71.4286
train_247,1,0,1,0,1,0,0,0,0,1,0,0,4,6,3,2,1,3,0,0,33,66.6667
train_86,1,0,0,0,0,0,0,0,0,0,0,0,2,1,1,0,0,2,1,0,12,54.1667
train_1064,1,1,0,0,0,0,0,0,0,0,0,0,4,0,2,1,2,4,0,0,23,52.1739
train_81,1,0,0,0,1,0,0,0,0,0,0,0,0,0,1,1,0,1,1,0,9,50.0000
train_1044,0,0,0,0,0,0,0,0,0,0,0,0,5,1,2,2,0,0,3,0,16,71.8750
train_527,1,1,1,0,1,1,0,0,0,0,0,0,3,1,3,3,0,1,0,0,24,68.7500
train_1226,1,0,0,0,0,0,0,0,0,0,0,0,2,1,0,2,0,2,0,0,12,62.5000
train_1277,1,0,0,0,0,1,0,0,0,1,0,0,2,2,1,0,3,4,0,0,22,45.4545
train_692,0,0,0,0,0,0,0,0,0,0,0,0,5,0,3,4,0,1,1,0,17,79.4118
train_960,1,0,0,0,1,1,1,0,0,0,0,0,1,1,3,2,2,1,1,0,25,56.0000
train_1098,1,0,0,0,0,1,0,0,0,0,0,0,8,4,7,5,1,4,0,0,39,74.3590
train_1404,1,0,0,0,0,1,0,0,0,0,0,0,2,0,2,1,0,2,0,0,12,62.5000
train_1156,0,0,0,0,0,0,0,0,0,0,0,0,8,3,2,5,1,2,0,0,28,76.7857
train_100,1,0,0,1,0,0,0,0,0,0,0,0,11,2,1,3,0,4,0,0,28,73.2143
train_1118,1,1,0,0,0,0,0,0,0,0,0,0,2,1,1,0,3,1,1,0,14,46.4286
train_415,1,0,1,0,0,0,0,0,0,0,0,0,6,2,2,1,1,1,1,0,22,68.1818
train_993,0,0,1,0,0,0,0,0,0,0,0,0,5,1,2,3,0,1,1,0,14,82.1429
train_1101,0,0,0,0,0,0,0,0,0,0,0,0,6,4,1,3,3,3,2,0,34,58.8235
train_1168,0,0,0,0,0,0,0,0,0,0,0,0,2,1,2,2,2,5,1,0,25,48.0000
train_915,0,0,0,0,0,0,0,0,0,0,0,0,8,3,4,0,2,1,1,0,24,72.9167
train_202,0,0,0,0,0,0,0,0,0,0,0,0,5,1,4,2,1,2,1,0,23,67.3913
train_695,1,0,0,0,0,1,0,0,0,0,0,0,4,2,2,3,0,2,0,0,16,78.1250
train_1405,0,0,0,0,0,0,0,0,0,0,0,0,9,3,4,3,0,2,4,0,32,70.3125
train_911,0,0,0,0,0,0,0,0,0,0,0,0,6,2,2,2,3,1,0,0,21,69.0476
train_1071,0,0,0,0,0,0,0,0,0,0,0,0,2,2,0,0,0,2,0,0,12,58.3333
train_348,1,1,0,0,0,0,0,0,0,0,0,0,2,0,3,2,1,5,1,0,23,50.0000
train_643,1,0,0,0,0,0,0,0,1,0,0,0,7,0,3,4,0,2,0,0,21,78.5714
train_1314,0,0,0,0,0,0,0,0,0,0,0,0,5,0,3,1,2,3,4,0,22,50.0000
train_33,1,1,0,0,0,0,0,0,0,0,0,0,6,0,5,3,1,3,1,0,24,68.7500
train_150,1,0,0,0,0,0,1,0,0,0,0,0,4,1,4,1,1,1,0,0,17,73.5294
train_1402,1,0,0,0,0,1,0,0,0,0,0,0,3,6,2,2,1,2,0,0,24,70.8333
train_973,1,0,1,0,0,0,0,0,0,0,0,1,3,4,1,2,3,4,2,0,35,51.4286
train_270,1,1,1,0,0,1,0,0,0,0,0,0,4,3,4,1,0,2,0,0,27,68.5185
train_1092,0,0,0,0,0,0,0,0,0,0,0,0,8,1,5,1,2,3,1,0,25,68.0000
train_235,0,0,0,0,0,0,0,0,0,0,0,0,2,0,1,1,1,1,2,0,11,50.0000
train_529,0,0,0,0,0,0,0,0,1,0,0,0,6,4,5,2,0,2,0,0,23,82.6087
train_681,0,0,0,0,0,0,0,0,0,0,0,0,11,2,3,6,1,2,3,0,35,72.8571
train_1378,0,0,0,0,1,0,0,0,0,0,0,0,7,4,3,3,2,3,3,0,28,66.0714
train_743,1,0,0,0,0,1,0,0,0,0,0,0,5,4,3,3,1,1,0,0,22,79.5455
train_319,1,0,0,0,0,1,0,0,0,0,0,0,4,2,1,3,0,2,1,0,20,67.5000
train_964,1,0,0,0,0,1,0,0,0,0,0,0,3,1,2,1,0,2,0,0,14,67.8571
train_1163,0,0,0,0,0,0,0,0,0,0,0,0,9,3,6,3,3,1,0,0,31,77.4194
train_1269,1,0,0,1,0,0,0,0,0,0,0,0,4,4,3,2,0,0,5,0,25,66.0000
train_429,1,0,0,0,0,1,0,0,0,0,0,0,6,3,3,2,0,0,2,0,29,70.6897
train_1170,1,0,0,0,1,0,0,0,0,0,0,0,3,0,1,3,1,1,0,0,15,66.6667
train_842,0,0,0,0,0,0,0,0,0,0,0,0,6,3,3,1,0,1,2,0,24,70.8333
train_706,0,0,0,0,0,0,0,0,0,0,0,0,2,2,2,1,2,5,1,0,19,47.3684
train_232,0,0,0,0,0,0,0,0,0,0,0,0,4,0,3,3,0,4,0,0,17,67.6471
train_128,1,1,0,0,0,0,0,0,0,0,0,0,4,2,3,0,1,3,0,0,22,61.3636
train_599,1,1,0,0,0,1,0,0,0,0,0,0,4,1,3,2,0,1,0,0,17,76.4706
train_217,1,0,0,0,0,0,0,0,1,0,0,0,6,1,5,2,1,4,2,0,31,61.2903
train_1215,1,1,0,0,1,1,0,0,0,0,0,0,6,3,6,3,1,1,1,0,39,69.2308
train_57,1,1,0,0,0,0,0,0,0,0,0,0,3,2,2,1,5,4,1,0,27,46.2963
train_1180,1,0,0,0,0,0,0,0,0,0,0,0,4,3,5,2,2,0,1,0,21,76.1905
train_650,1,0,0,0,0,1,1,0,0,0,0,0,11,1,4,1,0,2,1,0,27,75.9259
train_1164,1,0,0,1,1,1,0,0,0,0,0,0,4,2,3,3,0,2,0,0,23,71.7391
train_1189,1,0,0,0,0,0,1,0,0,0,0,0,5,2,2,1,1,1,0,0,21,69.0476
train_895,0,0,0,0,0,0,0,0,0,0,0,0,7,2,2,1,0,0,2,0,20,75.0000
train_603,0,0,0,0,0,0,0,0,0,0,0,0,8,0,2,2,0,1,0,0,20,77.5000
train_1477,0,0,0,0,0,0,0,0,0,0,0,0,7,5,2,1,1,2,2,0,33,65.1515
train_1143,1,0,1,0,0,1,0,0,0,0,0,0,5,3,3,1,1,2,3,0,24,62.5000
train_1238,1,1,0,0,0,1,1,1,0,0,0,0,2,1,4,2,0,0,0,0,23,69.5652
train_711,0,0,0,0,0,0,0,0,0,0,0,0,3,3,2,3,3,2,2,0,24,58.3333
train_639,1,1,0,0,0,0,0,0,0,0,0,0,3,2,2,3,2,2,0,0,27,61.1111
train_816,0,0,0,0,0,0,0,0,0,0,0,0,2,1,1,0,2,3,3,0,16,37.5000
train_1,1,0,0,0,1,0,0,0,0,0,0,0,9,5,6,4,3,4,2,0,46,66.3043
train_373,0,0,0,0,0,0,0,0,0,0,0,0,11,5,2,6,2,3,3,0,44,68.1818
train_1150,1,1,0,0,1,0,0,0,0,0,0,0,2,1,5,1,1,3,1,0,29,56.8966
train_38,1,1,0,1,1,0,0,1,0,0,0,0,4,2,2,1,1,1,1,0,27,61.1111
train_850,1,0,0,0,0,0,0,0,0,0,0,0,2,1,2,3,0,1,0,0,13,76.9231
train_207,0,0,0,0,0,0,0,0,0,0,0,0,8,1,3,3,0,4,1,0,29,67.2414
train_1325,0,0,0,0,0,0,0,0,0,0,0,0,8,3,2,4,2,2,2,0,28,69.6429
train_1258,1,0,0,0,0,0,0,0,0,0,0,0,8,4,4,4,0,2,0,0,26,84.6154
train_963,1,0,1,0,0,0,0,0,0,0,0,0,3,2,1,2,1,3,3,0,24,52.0833
train_1148,1,0,0,0,0,0,0,0,0,0,0,0,5,2,3,2,1,3,0,0,22,68.1818
train_165,1,0,0,0,1,1,0,0,0,0,0,0,0,0,3,1,1,2,0,0,19,52.6316
train_662,0,0,0,0,0,0,0,0,0,0,0,0,8,2,2,2,2,3,0,0,25,68.0000
train_1197,1,1,0,0,0,1,0,0,0,0,0,0,3,1,4,3,0,0,0,0,18,80.5556
train_623,0,0,0,0,0,0,0,0,0,0,0,0,8,6,4,2,0,3,0,0,29,79.3103
train_454,0,0,0,0,0,0,0,0,0,0,0,0,5,4,3,3,0,2,1,0,22,77.2727
train_548,1,1,0,0,0,1,0,0,0,0,0,0,8,4,6,3,0,3,2,0,42,69.0476
train_424,0,0,1,0,0,0,0,0,0,0,0,0,5,2,2,1,2,2,0,0,20,65.0000
train_510,0,0,1,0,0,0,0,0,0,0,0,0,5,2,2,3,3,3,2,0,34,55.8824
train_154,1,0,1,0,0,0,1,0,0,0,0,0,4,2,3,1,3,5,1,0,27,51.8519
train_1206,1,0,0,0,1,1,0,0,0,0,0,0,5,1,4,4,0,4,1,0,32,64.0625
train_800,1,0,0,0,0,0,0,0,0,0,0,0,1,1,1,1,2,3,2,0,22,43.1818
train_1343,0,0,0,0,0,0,0,0,0,0,0,0,6,1,0,0,0,1,3,0,19,57.8947
train_473,1,0,0,0,0,0,0,0,1,0,0,0,4,2,2,4,0,1,0,0,18,80.5556
train_880,0,0,0,0,0,0,0,0,0,0,0,0,6,1,2,1,1,4,0,0,21,61.9048
train_868,0,0,0,0,0,0,0,0,0,0,0,0,5,6,3,2,0,3,1,0,27,72.2222
train_1265,0,0,0,0,0,0,0,0,0,0,0,0,6,1,4,0,1,3,1,0,18,66.6667
train_971,1,0,1,0,0,1,0,0,0,0,0,0,1,3,4,2,2,3,3,0,30,53.3333
train_773,1,0,0,0,1,0,0,0,1,0,0,0,4,2,1,1,0,1,2,0,23,60.8696
train_54,0,0,0,0,0,0,0,0,0,0,0,0,6,1,2,4,0,1,1,0,16,84.3750
train_705,0,0,0,0,0,0,0,0,0,0,0,0,3,0,1,1,2,2,4,0,22,43.1818
train_810,1,0,0,0,0,0,0,0,0,0,0,0,4,2,4,2,1,1,0,0,25,70.0000
train_1363,0,1,1,0,0,0,0,0,0,0,0,0,9,8,3,1,0,1,1,0,32,79.6875
train_988,0,0,0,0,0,0,0,0,0,0,0,0,3,4,2,3,0,2,1,0,22,70.4545
train_888,1,0,0,0,0,1,1,0,0,0,0,0,5,3,2,1,0,2,2,0,32,60.9375
train_31,1,0,0,0,0,1,0,0,0,0,0,0,4,1,1,1,0,3,1,0,16,59.3750
train_759,0,0,0,0,0,0,0,0,0,0,0,0,8,1,6,4,0,2,0,0,24,85.4167
train_405,1,0,1,0,0,0,0,1,0,0,0,0,3,2,1,1,1,3,1,0,20,55.0000
train_1374,1,0,0,0,1,1,0,0,0,0,0,0,7,2,5,4,2,4,0,0,37,66.2162
train_756,0,0,0,0,0,0,0,0,0,0,0,0,4,3,1,4,0,2,1,0,23,69.5652
train_356,0,0,0,0,0,0,0,0,0,0,0,0,7,1,4,6,1,3,2,0,33,68.1818
train_717,1,0,1,0,1,1,0,0,0,0,0,0,2,5,2,3,0,2,0,0,28,67.8571
train_605,0,0,0,0,0,0,0,0,0,0,0,0,2,3,0,1,2,2,0,0,14,57.1429
train_425,0,0,0,0,0,0,0,0,0,0,0,0,4,0,3,3,0,2,2,0,17,67.6471
train_239,1,1,0,0,0,1,1,0,0,0,0,0,3,2,1,0,4,4,3,0,29,41.3793
train_991,0,0,0,0,0,0,0,0,0,0,0,0,5,0,1,1,0,2,0,0,15,66.6667
train_1088,1,0,0,0,0,1,1,0,0,0,0,0,4,5,7,1,1,2,0,0,36,69.4444
train_967,1,1,1,0,0,1,0,0,0,0,0,0,2,3,3,2,1,3,0,0,32,59.3750
train_1220,1,0,0,0,1,1,0,0,0,0,0,0,4,0,3,1,2,3,1,0,25,54.0000
train_1237,0,0,0,0,0,0,0,0,0,0,0,0,6,1,1,4,1,2,0,0,20,72.5000
train_549,0,0,0,0,0,0,0,0,0,0,0,0,8,3,4,4,0,2,1,0,25,82.0000
train_794,0,0,0,0,0,0,0,0,0,0,0,0,6,3,4,2,1,1,3,0,26,69.2308
train_40,0,0,0,0,0,0,0,0,0,0,0,0,5,0,3,1,3,3,1,0,20,55.0000
train_859,0,0,0,0,0,0,0,0,0,0,0,0,5,0,3,1,1,4,0,0,20,60.0000
train_838,0,0,0,0,0,0,0,0,0,0,0,0,6,3,3,4,0,2,2,0,29,70.6897
train_367,0,0,0,0,0,0,0,0,0,0,0,0,4,2,1,4,1,1,0,0,16,78.1250
train_1038,0,0,0,0,1,0,0,0,0,0,0,0,6,0,4,3,1,1,0,0,18,80.5556
train_209,1,0,0,1,0,0,0,0,0,0,0,0,4,0,4,2,0,2,0,0,16,75.0000
train_90,1,1,0,0,1,0,1,0,0,0,0,0,5,1,3,3,1,1,1,0,34,63.2353
train_1328,0,0,0,0,0,0,0,0,0,0,0,0,4,4,3,0,1,3,1,0,20,65.0000
train_571,0,0,0,0,0,0,0,0,0,0,0,0,4,4,4,3,1,1,0,0,21,80.9524
train_385,1,0,1,0,0,1,0,0,0,0,0,0,4,4,5,0,2,4,0,0,29,62.0690
train_563,0,0,0,0,0,0,0,0,0,0,0,0,1,1,0,0,2,5,1,0,17,32.3529
train_530,0,0,0,0,0,0,0,0,0,0,0,0,3,1,1,2,1,2,1,0,15,60.0000
train_4,1,1,0,0,1,0,0,0,0,0,0,0,1,0,1,1,0,1,0,0,10,60.0000
train_241,1,0,0,0,0,0,0,0,0,0,0,0,10,3,4,3,3,5,0,0,41,64.6341
train_1388,1,1,0,0,1,0,0,0,0,0,0,0,3,0,1,2,1,4,2,0,29,48.2759
train_50,1,1,0,0,1,1,0,0,0,1,0,0,8,2,3,3,2,7,1,0,47,56.3830
train_1255,1,0,0,0,0,0,0,0,0,0,0,0,3,2,3,0,1,3,0,0,24,58.3333
train_1463,0,0,0,0,1,0,0,0,0,0,0,0,7,2,3,2,0,3,1,0,34,64.7059
train_265,0,0,0,0,0,0,0,0,0,0,0,0,9,0,4,6,1,1,1,0,26,80.7692
train_851,0,0,0,0,0,0,0,0,0,0,0,0,7,3,4,3,0,2,1,0,25,78.0000
train_1055,1,0,0,0,1,1,0,0,0,0,0,0,6,0,5,4,2,3,0,0,29,67.2414
train_1338,0,0,0,0,0,0,0,0,0,0,0,0,9,1,1,2,3,3,0,0,27,62.9630
train_1113,0,0,0,0,0,0,0,0,0,0,0,0,9,0,1,5,0,3,0,0,23,76.0870
train_261,0,0,0,0,0,0,0,0,0,0,0,0,5,2,1,3,1,2,0,0,17,73.5294
train_302,1,0,0,0,1,0,0,0,0,0,0,0,4,1,4,1,2,3,1,0,20,60.0000
train_803,0,0,0,0,0,0,0,0,0,0,0,0,10,4,1,1,0,4,2,0,29,67.2414
train_804,0,0,0,0,1,0,0,0,0,0,0,0,6,4,1,0,1,3,1,0,21,64.2857
train_914,1,0,0,0,1,0,0,0,0,0,0,0,6,1,2,3,4,5,2,0,31,51.6129
train_238,0,0,0,0,0,0,0,0,0,0,0,0,4,1,4,3,3,2,1,0,27,61.1111
train_465,0,0,0,0,0,0,0,0,0,0,0,0,6,3,2,2,0,2,1,0,21,73.8095
train_499,0,0,1,0,0,0,0,0,0,0,0,0,7,4,5,3,1,3,0,0,26,78.8462
train_166,1,0,0,0,1,1,0,0,0,1,0,0,7,4,3,3,1,4,0,0,38,65.7895
train_557,0,0,0,0,0,0,0,0,0,0,0,0,4,1,2,3,0,1,0,0,17,76.4706
train_301,1,0,0,0,1,0,0,0,0,0,0,0,3,1,3,3,0,4,1,0,24,60.4167
train_331,1,1,0,0,0,0,0,0,0,0,0,0,4,2,2,2,0,2,2,0,18,66.6667
train_326,1,0,0,0,1,1,0,0,0,0,0,0,2,0,3,2,0,2,0,0,17,64.7059
train_1377,1,0,0,0,0,0,0,0,0,0,0,0,7,4,4,3,1,2,0,0,37,70.2703
train_1373,1,0,1,0,1,1,0,0,0,0,0,0,3,1,1,1,1,6,1,0,22,45.4545
train_313,1,0,0,0,0,1,0,0,0,0,0,0,4,1,3,3,2,3,0,0,31,59.6774
train_12,1,1,1,0,0,0,0,0,0,0,0,0,2,0,1,1,0,1,0,0,12,62.5000
train_642,1,1,0,0,0,0,0,0,0,0,0,0,6,2,3,1,1,1,0,0,21,73.8095
train_113,1,1,0,0,0,1,0,0,0,0,0,0,5,2,0,4,1,3,1,0,29,60.3448
train_1283,0,0,0,0,0,0,0,0,0,0,0,0,7,0,3,1,5,4,0,0,24,54.1667
train_947,1,0,0,0,0,1,1,0,0,0,0,0,2,0,3,3,0,1,1,0,31,59.6774
train_445,1,0,1,0,0,0,0,0,0,0,0,0,8,1,4,3,1,2,2,0,26,71.1538
train_875,0,0,0,0,0,0,0,0,0,0,0,0,3,2,2,1,5,2,2,0,22,47.7273
train_664,1,0,1,0,0,1,0,0,0,0,0,0,3,4,3,2,0,0,1,0,26,71.1538
train_1428,1,0,1,0,1,1,0,0,0,0,0,0,4,4,6,3,0,3,1,0,29,72.4138
train_796,0,0,0,0,0,0,0,0,0,0,0,0,10,1,1,1,1,3,0,0,23,69.5652
train_531,0,0,0,0,0,0,0,0,0,0,0,0,6,0,2,1,1,2,0,0,15,70.0000
train_210,0,0,0,0,0,0,0,0,0,0,0,0,7,0,3,5,0,2,0,0,20,82.5000
train_668,1,0,1,0,1,0,0,0,0,0,0,0,7,4,2,0,0,2,2,0,23,69.5652
train_573,1,0,0,0,1,0,0,0,0,0,0,0,4,2,1,0,0,0,2,0,12,70.8333
train_148,1,0,0,0,1,0,0,0,0,0,0,0,5,0,3,3,0,2,0,0,21,71.4286
train_497,0,0,0,0,0,0,0,0,0,0,0,0,9,2,4,0,0,2,0,0,19,84.2105
train_1207,1,0,0,0,1,0,0,0,0,0,0,0,6,5,3,3,1,0,1,0,30,75.0000
train_1429,0,0,0,0,0,0,0,0,0,0,0,0,6,4,2,1,2,3,2,0,31,59.6774
train_793,0,0,0,0,0,0,0,0,0,0,0,0,6,4,1,2,1,4,3,0,27,59.2593
train_995,0,0,0,0,0,0,0,0,0,0,0,0,6,3,1,2,1,2,3,0,21,64.2857
train_266,1,0,0,0,0,1,0,0,0,0,0,0,4,1,1,2,0,1,0,0,14,75.0000
train_308,1,0,0,0,0,1,0,0,0,0,0,0,0,0,2,0,1,1,0,0,7,50.0000
train_1061,1,0,0,0,0,0,1,0,0,1,0,0,5,1,5,4,0,2,0,0,23,78.2609
train_502,0,0,0,0,0,0,0,0,0,0,0,0,6,3,1,2,0,2,1,0,18,75.0000
train_106,1,0,0,0,1,0,0,0,0,0,0,0,7,3,6,0,2,2,1,0,28,69.6429
train_1160,0,0,0,0,0,0,0,0,0,0,0,0,8,1,1,1,0,1,0,0,18,77.7778
train_1086,1,0,0,0,0,1,0,0,0,0,0,0,3,0,4,1,1,3,0,0,20,60.0000
train_528,1,1,0,1,0,1,0,0,0,0,0,0,2,2,5,1,0,2,0,0,30,63.3333
train_751,0,0,0,0,0,0,0,0,0,0,0,0,3,2,2,0,3,2,2,0,18,50.0000
train_790,1,1,1,0,0,1,0,0,0,0,0,0,4,0,3,3,1,2,0,0,26,63.4615
train_953,0,0,0,0,0,0,0,0,0,0,0,0,6,7,2,3,4,4,3,0,42,58.3333
train_352,0,0,0,0,0,0,0,0,0,0,0,0,6,0,3,2,0,1,0,0,14,85.7143
train_504,1,0,0,0,1,1,0,0,0,0,0,0,2,1,1,2,0,2,3,0,19,52.6316
train_89,0,0,0,0,0,0,0,0,0,0,0,0,3,1,1,0,0,2,1,0,10,60.0000
train_1025,0,0,0,0,0,0,0,0,0,0,0,0,6,3,1,3,1,4,1,0,27,62.9630
train_757,0,0,0,0,0,0,0,0,0,0,0,0,6,5,2,4,1,0,1,0,24,81.2500
train_453,0,0,0,0,0,0,0,0,0,0,0,0,5,4,2,1,2,6,0,0,24,58.3333
train_1218,0,0,0,0,0,0,0,0,0,0,0,0,7,4,0,0,1,3,0,0,22,65.9091
train_395,1,0,0,0,1,0,0,0,0,0,0,1,2,2,2,4,0,2,2,0,30,60.0000
train_288,1,1,0,0,1,1,0,0,0,0,0,0,5,1,2,1,0,1,0,0,23,67.3913
train_24,1,1,0,0,1,0,0,0,0,1,0,0,2,0,2,2,0,0,0,0,14,71.4286
train_926,0,0,0,0,0,0,0,0,0,0,0,0,2,0,3,2,3,4,3,0,24,43.7500
train_483,0,0,0,0,0,0,0,0,0,0,0,0,7,2,1,3,0,1,0,0,20,80.0000
train_1229,1,1,0,0,0,0,0,0,0,0,0,0,6,3,4,3,3,2,3,0,33,62.1212
train_1011,1,0,1,0,0,1,0,0,0,0,0,0,2,3,0,1,1,3,1,0,20,52.5000
train_26,1,1,0,0,1,0,0,0,0,0,0,0,5,1,3,2,0,1,0,0,19,76.3158
train_300,0,0,0,0,0,0,0,0,0,0,0,0,7,4,3,4,1,3,1,0,29,72.4138
train_1104,0,0,0,0,0,0,0,0,0,0,0,0,12,3,5,2,2,5,6,0,44,60.2273
train_992,0,0,0,0,0,0,0,0,0,0,0,0,4,2,4,2,0,4,2,0,22,63.6364
train_14,1,0,0,0,0,1,0,0,0,0,0,0,5,2,2,2,0,2,0,0,17,76.4706
train_439,1,1,0,1,0,0,0,0,0,0,0,0,3,1,5,4,1,2,1,0,28,66.0714
train_190,1,0,0,0,0,1,0,0,0,0,0,0,1,0,2,1,0,2,0,0,13,57.6923
train_282,1,0,0,0,0,1,0,0,0,0,0,0,2,0,1,0,0,1,0,0,8,62.5000
train_944,0,0,0,0,0,0,0,0,0,0,0,0,8,5,3,4,1,7,1,0,38,64.4737
train_519,0,0,0,0,0,0,0,0,0,0,0,0,3,3,2,2,0,0,0,0,13,88.4615
train_604,0,0,0,0,0,0,0,0,0,0,0,0,3,3,0,2,2,1,0,0,17,64.7059
train_727,0,0,0,0,0,0,0,0,0,0,0,0,7,2,3,4,1,3,2,0,27,68.5185
train_1177,1,0,0,0,0,0,0,0,0,0,0,0,6,1,0,3,3,2,0,0,23,60.8696
train_477,1,0,1,0,0,1,0,0,0,1,0,0,5,2,1,5,3,4,1,0,31,58.0645
train_349,0,0,0,0,0,0,0,0,0,0,0,0,6,1,2,1,0,6,1,0,26,55.7692
train_230,0,0,0,0,0,0,0,0,0,0,0,0,4,2,1,3,0,1,1,0,15,76.6667
train_220,1,1,0,0,0,0,0,0,0,1,0,0,5,1,0,0,3,4,1,0,24,45.8333
train_1188,1,0,0,0,0,0,0,0,0,0,0,0,3,1,2,3,0,0,0,0,12,87.5000
train_56,1,1,0,0,0,1,0,0,0,0,0,0,3,2,0,0,1,3,1,0,18,50.0000
train_933,0,0,0,0,0,0,0,0,0,0,0,0,8,2,1,0,0,1,1,0,16,78.1250
train_658,0,0,0,0,0,0,0,0,0,0,0,0,6,2,2,2,0,3,1,0,19,71.0526
train_6,1,0,0,0,1,0,0,0,0,0,0,0,2,1,1,0,0,1,1,0,16,56.2500
train_1054,0,0,0,0,0,0,0,0,0,0,0,0,8,1,2,2,0,1,2,0,26,69.2308
train_196,1,1,0,0,0,0,0,0,0,0,0,0,2,2,3,2,0,0,1,0,16,75.0000
train_554,0,0,0,0,0,0,0,0,0,0,0,0,6,4,1,2,1,4,2,0,25,62.0000
train_750,0,0,0,0,0,0,0,0,0,0,0,0,5,3,4,2,2,3,0,0,21,71.4286
train_621,0,0,0,0,0,0,0,0,0,0,0,0,7,1,5,3,2,5,0,0,32,64.0625
train_733,1,1,0,0,0,1,0,0,1,0,0,0,2,1,2,1,0,1,1,0,21,59.5238
train_1452,0,0,1,0,0,0,0,0,0,0,0,0,7,3,3,4,0,2,2,0,32,70.3125
train_887,1,0,0,0,0,0,1,0,0,0,0,0,1,1,1,2,0,1,0,0,14,64.2857
train_1337,1,0,0,0,1,1,0,0,0,0,0,0,2,1,1,3,0,2,0,0,27,59.2593
train_761,0,0,0,0,0,0,0,0,0,0,0,0,4,2,1,4,0,5,2,0,22,59.0909
train_45,1,0,0,0,0,0,1,0,0,0,0,0,9,4,4,4,0,1,5,0,36,70.8333
train_1504,1,0,0,0,1,0,0,0,0,0,0,0,7,2,1,3,4,5,1,0,36,54.1667
train_1293,0,0,1,0,0,0,0,0,0,0,0,0,3,2,0,1,1,2,1,0,14,57.1429
train_957,1,0,0,0,0,0,1,0,0,0,0,0,7,2,5,3,0,2,0,0,29,75.8621
train_482,1,0,0,0,0,0,0,0,0,0,0,0,8,3,4,2,0,0,0,0,27,81.4815
train_546,1,1,1,0,0,1,0,0,0,0,0,0,4,2,4,3,0,2,0,0,23,73.9130
train_91,0,0,0,0,0,0,0,0,0,0,0,0,6,2,3,3,2,4,0,0,28,64.2857
train_538,0,0,0,0,0,0,0,0,0,0,0,0,8,2,4,3,1,3,1,0,31,69.3548
train_659,0,0,1,0,0,0,0,0,0,0,0,0,3,1,3,3,2,3,1,0,25,58.0000
train_269,1,0,0,0,0,0,0,0,0,0,0,0,9,3,3,3,1,4,1,0,33,68.1818
train_1455,0,0,0,0,0,0,0,0,0,0,0,0,8,2,4,3,0,0,0,0,19,94.7368
train_593,0,0,0,0,0,0,0,0,0,0,0,0,4,2,1,0,2,4,1,0,20,50.0000
train_481,0,0,0,0,0,0,0,0,0,0,0,0,5,2,2,2,1,2,0,0,19,71.0526
train_223,0,0,0,0,0,0,0,0,0,0,0,0,6,0,5,4,4,6,0,0,34,57.3529
train_82,1,1,0,0,0,0,1,0,0,0,0,0,5,0,2,3,0,0,0,0,16,81.2500
train_1213,1,0,0,0,0,0,0,0,0,0,0,0,8,2,3,1,0,3,4,0,33,60.6061
train_442,1,0,0,0,0,1,0,0,0,0,0,0,2,2,2,2,1,2,0,0,18,63.8889
train_364,1,0,0,0,0,0,0,0,0,0,0,0,1,4,1,2,1,3,1,0,19,57.8947
train_97,1,0,1,0,0,1,0,0,0,0,0,0,4,5,2,5,0,1,1,0,30,73.3333
train_293,0,0,0,0,0,0,0,0,0,0,0,0,4,3,3,3,0,1,0,0,16,87.5000
train_1370,0,0,0,0,1,0,0,0,0,0,0,0,3,1,0,1,3,2,0,0,21,50.0000
train_906,1,0,0,0,1,0,0,0,0,0,0,0,5,5,1,1,1,1,0,0,23,71.7391
train_256,1,0,1,1,1,0,0,0,0,0,0,0,3,1,1,3,1,2,2,0,23,56.5217
train_956,1,0,0,0,0,0,1,0,0,0,0,0,5,3,2,2,2,4,0,1,27,59.2593
train_1272,1,1,0,0,0,0,0,0,0,0,0,0,2,1,2,1,0,2,0,0,14,64.2857
train_551,0,0,0,0,0,0,0,0,0,0,0,0,9,3,5,6,0,2,0,0,29,86.2069
train_1155,0,0,0,0,0,0,0,0,0,0,0,0,12,0,1,1,0,2,2,0,27,68.5185
train_890,1,0,0,0,0,0,1,0,0,0,0,0,3,1,2,1,0,1,0,0,15,70.0000
train_361,0,0,0,0,0,0,0,0,0,0,0,0,7,2,3,4,1,2,2,0,25,72.0000
train_423,1,0,1,0,0,0,0,0,0,0,0,0,3,1,1,1,1,2,0,0,18,58.3333
train_577,0,0,1,0,0,0,0,0,0,0,0,0,9,2,3,5,2,4,1,0,37,66.2162
train_552,0,0,0,0,0,0,0,0,0,0,0,0,4,5,0,0,1,2,2,0,21,59.5238
train_1352,0,0,0,0,0,0,0,0,0,0,0,0,4,1,6,3,4,6,0,0,34,55.8824
train_1367,1,0,0,0,0,1,0,0,0,0,0,0,1,2,1,1,2,3,4,0,24,41.6667
train_255,1,0,0,0,0,1,0,0,0,0,1,0,2,1,2,3,2,1,0,0,22,61.3636
train_625,0,0,0,0,0,0,0,0,0,0,0,0,7,1,0,1,1,4,0,0,18,61.1111
train_901,0,0,0,0,0,0,0,0,0,0,0,0,5,1,3,4,3,5,1,0,31,56.4516
train_379,1,0,1,0,1,0,0,1,0,0,0,0,5,1,1,2,0,4,3,0,29,53.4483
train_943,0,0,0,0,0,0,0,0,0,0,0,0,3,1,1,2,1,3,1,0,19,55.2632
train_334,1,1,0,0,1,0,0,0,0,0,0,0,2,1,1,3,1,1,0,0,23,60.8696
train_219,0,0,0,0,0,0,0,0,0,0,0,0,3,1,2,2,1,0,0,0,13,76.9231
train_752,0,0,0,0,0,0,0,0,0,0,0,0,5,2,4,3,0,2,1,0,20,77.5000
train_564,0,0,0,0,0,0,0,0,0,0,0,0,8,2,2,2,0,3,0,0,22,75.0000
train_1481,1,1,0,0,0,0,0,0,0,0,0,0,5,3,2,3,0,6,1,0,36,58.3333
train_276,1,1,0,0,1,0,0,0,0,0,0,0,3,0,4,1,2,5,0,0,29,51.7241
train_1390,1,0,1,0,1,0,0,0,0,0,0,0,4,6,2,2,0,2,0,0,26,73.0769
train_1015,1,1,0,0,1,0,0,0,0,0,0,0,5,1,2,2,1,2,0,0,24,64.5833
train_865,1,0,0,0,1,0,0,0,0,0,0,0,4,1,1,2,1,0,1,0,21,64.2857
train_1024,1,0,1,0,0,1,0,0,1,0,0,0,3,2,1,2,0,2,0,0,21,64.2857
train_360,0,0,0,0,0,0,0,0,0,0,0,0,12,1,5,6,0,4,0,0,37,77.0270
train_1332,0,0,0,0,0,0,0,0,0,0,0,0,6,0,2,1,0,1,0,0,14,78.5714
train_359,0,0,0,0,0,0,0,0,0,0,0,0,3,1,2,2,2,3,0,0,16,59.3750
train_946,1,0,1,0,0,0,1,0,0,0,0,0,6,4,3,3,1,5,1,0,38,61.8421
train_532,0,0,0,0,0,0,0,0,0,0,0,0,6,2,5,4,0,3,1,0,26,75.0000
train_1068,1,0,0,0,1,0,0,0,0,0,0,0,4,1,1,2,1,2,1,0,17,61.7647
train_689,0,0,0,0,0,0,0,0,0,0,0,0,3,2,1,0,1,1,1,0,13,61.5385
train_1151,0,0,0,0,0,0,0,0,0,0,0,0,5,3,3,3,5,3,4,0,38,52.6316
train_715,1,0,0,0,0,0,1,0,0,0,0,0,6,3,4,4,2,0,0,0,23,82.6087
train_383,1,1,0,0,0,0,0,0,0,0,0,0,2,1,3,2,1,2,2,0,20,57.5000
train_1417,1,0,0,0,0,1,1,0,0,0,0,0,1,1,1,2,1,3,1,0,22,50.0000
train_1459,0,0,0,0,0,0,0,0,0,0,0,0,9,1,3,1,1,2,1,0,24,70.8333
train_1330,1,1,0,0,0,1,0,0,0,0,0,0,3,1,2,1,2,2,0,0,18,58.3333
train_1488,1,1,0,0,0,0,0,0,0,0,0,0,5,1,1,0,1,3,0,0,19,57.8947
train_907,0,0,0,0,0,0,0,0,0,0,0,0,6,2,2,1,2,3,1,0,22,61.3636
train_1013,0,0,1,0,0,0,0,0,0,0,0,0,7,3,4,3,0,3,0,0,25,78.0000
train_1501,1,0,0,0,1,0,0,0,0,0,0,0,3,1,2,2,0,2,1,0,16,65.6250
train_1077,1,1,0,0,0,0,0,0,0,0,0,0,2,2,2,1,0,1,0,0,13,73.0769
train_1041,1,0,0,0,0,0,0,0,0,0,0,0,6,2,3,3,2,4,1,0,31,61.2903
train_1360,1,0,0,0,1,0,0,0,0,0,0,0,4,1,3,2,1,3,3,0,22,56.8182
train_1134,1,1,0,0,1,1,0,0,0,0,0,0,5,3,4,2,1,2,1,0,27,68.5185
train_1407,0,0,0,0,0,0,0,0,0,0,0,0,7,2,2,1,0,2,0,0,18,77.7778
train_1425,1,0,0,0,1,1,0,0,0,0,0,0,8,2,6,5,2,4,0,0,39,69.2308
train_295,1,1,0,0,0,0,0,0,0,0,0,0,5,2,3,2,2,3,1,0,24,62.5000
train_980,0,0,0,0,0,0,0,0,0,0,0,0,4,2,0,2,1,3,0,0,18,61.1111
train_111,1,0,0,0,1,0,1,0,0,0,0,0,7,3,6,6,0,4,0,0,38,73.6842
train_192,1,1,0,0,0,1,0,0,0,0,0,0,5,1,3,3,1,1,0,0,22,72.7273
train_1432,1,0,1,0,0,0,0,0,0,0,0,0,3,0,2,1,1,3,1,0,19,52.6316
train_785,0,0,0,0,0,0,0,0,0,0,0,0,5,4,2,0,0,3,1,0,20,67.5000
train_916,0,0,0,0,0,0,0,0,0,0,0,0,10,3,6,6,1,2,1,0,33,81.8182
train_44,1,0,0,0,0,0,0,0,0,0,0,0,5,0,3,1,0,2,1,0,22,63.6364
train_807,0,0,0,0,0,0,0,0,0,0,0,0,10,5,3,1,1,2,1,0,36,70.8333
train_1053,0,0,0,0,0,0,0,0,0,0,0,0,4,1,4,1,4,4,2,0,25,50.0000
train_1401,1,0,0,0,1,0,0,0,0,0,0,0,2,1,2,2,1,1,0,0,24,60.4167
train_735,1,0,0,0,1,0,0,0,0,0,0,0,3,0,2,1,1,3,1,0,18,52.7778
train_73,0,0,1,0,0,0,0,0,0,0,0,0,10,5,6,5,2,2,0,0,38,78.9474
train_821,0,0,0,0,0,0,0,0,0,0,0,0,4,1,2,0,3,5,3,0,25,42.0000
train_275,1,1,0,0,1,0,0,0,0,0,0,0,7,2,3,4,2,4,0,0,35,64.2857
train_48,1,1,0,1,0,1,0,0,0,0,0,0,7,2,3,3,0,2,1,0,36,66.6667
train_1329,1,0,0,0,1,0,0,0,0,0,0,0,6,0,2,3,1,4,0,0,22,63.6364
train_88,1,1,0,0,0,0,1,0,0,0,0,0,9,0,7,4,0,3,0,0,36,73.6111
train_724,1,1,1,0,0,1,0,0,0,0,0,0,1,1,3,1,0,2,0,0,25,58.0000
train_620,0,0,0,0,0,0,0,0,0,0,0,0,8,5,5,4,4,4,0,0,38,68.4211
train_1308,1,0,1,0,0,1,0,0,0,0,0,0,2,6,3,0,2,0,2,0,26,63.4615
train_827,0,0,0,0,0,0,0,0,0,0,0,0,4,1,2,3,3,5,1,0,28,51.7857
train_966,1,0,0,0,1,0,0,0,0,0,0,0,5,5,4,4,2,1,0,0,31,74.1935
train_1408,1,0,0,0,0,1,0,0,0,0,0,0,2,1,2,0,1,1,0,0,12,62.5000
train_539,0,0,0,0,0,0,0,0,0,0,0,0,4,2,2,1,1,3,2,0,21,57.1429
train_488,1,1,1,0,0,1,0,0,0,0,0,0,10,2,6,6,3,3,0,0,43,70.9302
train_1298,0,0,0,0,0,0,0,0,0,0,0,0,6,2,3,3,1,3,2,0,30,63.3333
train_1391,1,1,1,1,0,1,0,0,0,0,0,0,13,7,7,4,2,2,0,0,51,76.4706
train_683,1,0,0,0,0,0,1,0,0,0,0,0,2,1,2,3,2,5,0,0,21,52.3810
train_768,1,0,0,0,0,1,0,0,0,0,0,0,5,1,0,2,0,1,0,0,14,75.0000
train_602,1,0,0,0,1,0,0,0,0,0,0,0,6,4,2,5,0,1,2,0,26,76.9231
train_649,1,0,0,0,0,1,0,0,0,0,0,0,6,1,2,2,3,5,1,0,29,53.4483
train_432,1,0,0,0,0,1,1,0,0,0,0,0,5,0,5,6,0,1,0,0,30,75.0000
train_923,0,0,0,0,0,0,0,0,0,0,0,0,6,4,4,1,0,2,1,0,22,77.2727
train_742,1,0,0,0,0,1,0,0,0,0,0,0,3,1,5,2,0,1,2,0,21,69.0476
train_435,1,0,0,0,0,1,0,0,1,0,0,0,1,1,2,1,2,3,1,0,25,48.0000
train_1141,1,0,1,0,0,0,0,0,0,0,0,0,4,1,0,1,3,4,0,0,27,48.1481
train_353,0,0,0,0,0,0,0,0,0,0,0,0,8,1,5,5,2,2,2,0,30,71.6667
train_1499,1,1,0,0,1,1,0,0,0,0,0,0,6,1,4,4,2,3,0,0,32,65.6250
train_164,1,0,0,0,0,1,0,0,0,0,0,0,5,0,3,2,1,1,0,0,19,71.0526
train_767,1,0,0,0,0,1,0,0,1,0,0,0,6,1,4,5,2,2,0,0,36,66.6667
train_555,0,0,0,0,0,0,0,0,0,0,0,0,3,3,1,0,1,3,0,0,19,57.8947
train_1453,1,0,0,0,0,0,0,0,0,0,0,0,6,5,4,0,1,1,5,0,39,60.2564
train_986,0,0,0,0,0,0,0,0,0,0,0,0,4,1,2,1,2,3,1,0,18,55.5556
train_123,1,0,0,0,0,1,0,0,0,0,0,0,6,0,3,2,0,4,0,0,31,61.2903
train_703,0,0,0,0,0,0,0,0,0,0,0,0,8,3,3,2,3,2,2,0,31,64.5161
train_748,0,0,0,0,0,0,0,0,0,0,0,0,6,1,1,2,0,1,0,0,15,80.0000
train_1421,1,0,0,0,0,1,0,0,0,0,0,0,5,3,5,2,0,2,0,0,34,69.1176
train_1350,1,0,0,0,0,0,1,0,0,0,0,0,5,3,4,2,0,1,0,0,23,78.2609
train_729,0,0,0,0,0,0,0,0,0,0,0,0,3,1,1,3,1,1,0,0,12,75.0000
train_1028,0,0,0,0,0,0,0,0,0,0,0,0,4,0,3,2,1,1,1,0,19,65.7895
train_1474,1,1,0,0,1,0,0,0,0,0,0,0,6,2,3,4,0,3,0,0,32,68.7500
train_698,1,0,0,0,0,1,0,0,0,0,0,0,5,6,2,0,0,1,0,0,23,76.0870
train_582,0,0,0,0,0,0,0,0,0,0,0,0,4,3,2,1,3,3,0,0,20,60.0000
train_103,0,0,0,0,0,0,0,0,0,0,0,0,5,2,3,2,0,2,1,0,19,73.6842
train_493,1,0,0,0,0,0,1,0,0,0,0,0,3,0,2,3,2,2,1,0,16,59.3750
train_1033,1,0,0,0,0,0,0,0,0,0,1,0,4,1,1,4,1,4,0,0,19,63.1579
train_1032,1,0,0,0,0,0,0,1,0,0,0,0,5,1,1,4,0,3,1,0,21,66.6667
train_371,0,0,0,0,0,0,0,0,0,0,0,0,6,2,3,3,0,1,0,0,17,88.2353
train_390,1,0,0,0,1,0,1,0,0,0,0,1,3,3,2,2,0,1,0,0,16,78.1250
train_414,1,0,1,0,0,1,0,0,0,0,0,0,9,6,2,4,2,2,2,0,41,68.2927
train_262,1,0,0,0,1,0,0,0,0,0,0,0,2,0,3,3,1,4,1,0,18,55.5556
train_1503,0,0,0,0,0,0,0,0,0,0,0,0,5,2,2,1,1,2,2,0,19,63.1579
train_130,1,0,0,0,1,0,1,0,0,0,0,0,5,4,2,4,0,1,0,0,28,75.0000
train_673,1,0,0,0,1,0,0,0,0,0,0,0,5,4,7,3,1,3,2,0,34,69.1176
train_1005,1,0,0,0,0,0,0,0,0,0,0,0,12,1,3,3,0,2,2,0,34,72.0588
train_387,1,1,0,0,1,0,0,0,0,0,0,0,1,1,2,3,0,1,2,0,19,60.5263
train_1165,1,0,0,0,1,0,0,0,0,0,0,0,10,2,4,2,1,5,1,0,33,66.6667
train_121,1,0,0,0,0,0,0,0,0,0,0,0,8,1,2,4,0,4,1,0,36,63.8889
train_129,1,0,1,0,1,0,0,0,0,0,0,0,6,4,4,6,1,2,1,0,31,75.8065
train_741,0,0,0,0,0,0,0,0,0,0,0,0,4,0,4,1,1,1,0,0,16,71.8750
train_1262,1,1,1,0,0,0,0,0,0,0,0,0,6,2,3,3,1,2,1,0,24,70.8333
train_419,0,0,0,0,0,0,0,0,0,0,0,0,4,1,3,1,0,2,1,0,22,63.6364
train_1414,0,0,0,0,0,0,0,0,0,0,0,0,9,7,8,2,2,2,3,0,41,73.1707
train_144,1,0,1,0,1,1,1,0,0,0,0,0,259,32,29,66,45,47,20,1,861,65.8537
train_1410,0,0,0,0,0,0,0,0,0,0,0,0,6,1,3,2,4,4,2,0,29,53.4483
train_1182,1,1,0,0,0,1,0,0,0,0,0,0,5,2,4,2,0,4,0,0,30,65.0000
train_167,1,1,1,0,0,0,0,1,0,0,0,0,7,1,2,3,0,2,0,0,28,69.6429
train_7,1,0,1,0,1,0,0,0,0,0,0,0,3,0,2,2,0,2,0,0,17,64.7059
train_1066,1,0,1,0,0,0,0,0,0,0,0,0,10,5,4,2,3,3,0,0,39,69.2308
train_1382,1,1,0,0,1,1,0,0,1,0,0,0,5,2,9,5,2,5,2,0,56,60.7143
train_161,1,1,0,0,0,0,0,0,0,0,0,0,4,1,4,3,0,2,0,0,28,67.8571
train_1006,0,0,0,0,0,0,0,0,0,0,0,0,5,2,0,4,1,2,2,0,19,65.7895
train_701,0,0,0,0,0,0,0,0,0,0,0,0,4,1,1,3,0,2,0,0,14,75.0000
train_770,1,0,0,0,0,0,0,0,0,0,0,0,5,3,5,3,1,4,0,0,28,69.6429
train_1176,0,0,0,0,0,0,0,0,0,0,0,0,5,3,2,1,2,5,1,0,23,56.5217
train_404,0,0,0,0,0,0,0,0,0,0,0,0,7,1,5,4,1,8,2,0,37,58.1081
train_1179,1,0,0,0,0,1,0,0,0,0,0,0,4,2,8,4,3,3,0,0,44,63.6364
train_137,0,0,0,0,0,0,0,0,0,0,0,0,5,0,1,3,1,2,0,0,15,70.0000
train_193,0,0,0,0,0,0,0,0,0,0,0,0,7,3,3,5,2,4,2,0,35,64.2857
train_1252,1,0,0,0,1,0,0,0,0,0,0,0,5,3,5,1,1,2,0,0,27,70.3704
train_347,0,0,0,0,0,0,0,0,0,0,0,0,4,1,1,2,0,1,0,0,14,75.0000
train_183,1,0,0,0,0,0,0,0,0,0,0,0,5,4,2,3,1,2,3,0,28,64.2857
train_696,1,0,1,0,1,0,0,0,0,0,0,0,3,5,2,3,0,1,0,0,28,71.4286
train_618,1,0,0,0,0,0,0,0,0,0,0,0,2,1,2,4,3,3,0,0,20,57.5000
train_316,1,0,1,0,1,0,0,0,0,0,0,0,4,3,4,1,2,4,0,0,24,62.5000
train_226,0,0,0,0,0,0,0,0,0,0,0,0,3,2,0,2,1,1,2,0,15,60.0000
train_71,1,0,0,0,1,0,0,0,0,0,0,0,6,3,2,3,1,3,0,0,30,66.6667
train_508,0,0,0,0,0,0,0,0,0,0,0,0,1,3,1,0,2,4,2,0,21,42.8571
train_304,0,0,0,0,0,0,0,0,0,0,0,0,1,0,1,1,2,1,0,0,8,50.0000
train_952,1,0,0,0,1,0,0,0,0,0,0,0,2,0,1,1,2,1,1,0,12,50.0000
train_1029,0,0,0,0,0,0,0,0,0,0,0,0,9,2,2,4,5,6,1,0,40,56.2500
train_174,1,0,0,0,1,0,0,0,0,0,0,0,3,0,0,2,0,3,0,0,11,59.0909
train_461,0,0,0,0,0,0,0,0,0,0,0,0,3,2,1,2,0,2,0,0,13,73.0769
train_69,1,0,0,0,1,1,1,0,0,0,0,0,8,3,4,2,3,5,1,0,43,59.3023
train_215,1,0,0,0,0,0,0,0,1,0,0,0,2,0,1,2,0,2,0,0,13,61.5385
train_341,1,1,0,0,0,0,0,0,0,0,0,0,1,1,1,1,0,0,0,0,7,78.5714
train_1418,0,0,0,0,0,0,0,0,0,0,0,0,5,2,2,1,0,2,1,0,21,66.6667
train_832,0,0,0,0,0,0,0,0,0,0,0,0,5,1,2,1,2,3,0,0,22,59.0909
train_758,0,0,0,0,0,0,0,0,0,0,0,0,3,1,1,0,2,3,3,0,18,41.6667
train_122,1,0,0,0,1,0,0,0,0,0,0,0,6,0,3,3,1,3,2,0,27,61.1111
train_860,0,0,0,0,0,0,0,0,0,0,0,0,8,2,3,1,1,2,2,0,24,68.7500
train_93,0,0,1,0,0,0,0,0,0,0,0,0,4,3,2,2,1,3,0,0,19,68.4211
train_918,1,0,0,0,1,0,0,0,0,0,0,0,5,2,3,3,1,3,1,0,24,66.6667
train_1131,1,1,0,0,0,0,0,0,0,0,0,0,4,1,1,1,0,1,0,0,16,68.7500
train_1392,1,0,0,0,0,1,0,0,0,0,0,0,10,3,5,4,2,4,1,0,37,70.2703
train_939,0,0,0,0,0,0,0,0,0,0,0,0,7,1,1,2,2,1,1,0,23,65.2174
train_898,0,0,0,0,0,0,0,0,0,0,0,0,8,4,4,2,1,4,0,0,31,70.9677
train_1358,1,0,0,0,1,0,0,0,0,0,0,0,7,2,2,1,1,5,1,0,27,59.2593
train_606,0,0,0,0,1,0,0,0,0,0,0,0,1,1,1,0,5,3,2,0,21,33.3333
train_1209,1,1,1,0,1,1,0,0,0,0,0,0,4,3,5,5,0,3,0,0,35,70.0000
train_722,1,1,1,0,1,1,0,0,0,0,0,0,3,0,2,4,1,3,1,0,26,57.6923
train_1057,1,1,0,0,0,0,0,0,0,0,0,0,7,2,3,0,1,3,1,0,31,61.2903
train_323,1,0,0,0,0,1,0,0,0,0,0,0,2,1,2,1,0,0,0,0,14,71.4286
train_455,1,0,0,0,0,0,0,0,0,0,0,0,9,4,5,3,0,2,1,0,31,79.0323
train_474,1,0,1,0,0,0,0,0,1,0,0,0,6,5,1,5,1,3,3,0,39,62.8205
train_1124,1,0,1,0,0,0,0,0,0,0,0,0,5,1,3,0,1,2,0,0,22,63.6364
train_998,1,1,0,0,1,0,1,0,0,0,0,0,1,1,3,4,0,1,1,0,25,64.0000
train_77,1,0,0,0,1,0,0,0,0,0,1,0,5,2,3,3,2,3,1,0,32,60.9375
train_771,1,0,0,0,0,0,0,0,0,0,0,0,7,3,4,3,0,3,0,0,28,75.0000
train_273,0,0,0,0,0,0,0,0,0,0,0,0,3,2,0,3,2,4,1,0,21,52.3810
train_1353,1,0,0,0,1,0,0,0,0,0,0,0,8,3,3,2,0,2,0,0,32,71.8750
train_516,1,0,0,0,1,0,0,0,0,0,0,0,5,1,4,4,0,2,0,0,20,80.0000
train_76,1,1,0,0,0,0,0,0,0,0,0,0,6,3,4,3,2,7,1,0,37,58.1081
train_610,0,0,0,0,0,0,0,0,0,0,0,0,5,2,3,4,4,3,3,0,29,56.8966
train_511,1,0,0,0,0,0,0,0,0,0,0,0,10,2,6,1,3,7,0,0,37,62.1622
train_778,1,1,0,0,0,0,0,0,0,0,0,0,6,3,2,2,2,2,1,0,30,63.3333
train_338,1,1,0,0,1,0,0,0,0,0,0,0,4,1,3,3,0,2,0,0,26,67.3077
train_856,1,0,0,1,1,0,1,1,0,0,0,0,4,1,2,4,0,2,1,0,24,66.6667
train_1121,1,1,0,0,0,1,1,0,0,0,0,0,3,0,2,4,0,2,0,0,24,64.5833
train_1385,0,0,0,0,0,0,0,0,0,0,0,0,5,1,3,2,0,3,0,0,15,76.6667
train_328,1,1,1,0,0,1,0,0,0,0,0,0,2,1,2,1,0,3,0,0,17,58.8235
train_667,1,0,0,0,1,0,0,0,0,0,0,0,2,3,2,0,4,5,0,0,24,45.8333
train_1458,0,0,0,0,0,0,0,0,0,0,0,0,5,2,2,3,1,2,0,0,19,73.6842
train_327,1,0,0,0,0,1,1,0,0,0,0,0,2,3,2,2,1,2,1,0,22,61.3636
train_870,0,0,0,0,0,0,0,0,0,0,0,0,5,1,3,3,1,2,0,0,22,70.4545
train_37,0,0,0,0,0,0,0,0,0,0,0,0,7,3,4,3,0,0,0,0,22,88.6364
train_131,1,0,0,0,0,0,0,0,0,0,0,0,6,1,2,2,0,3,1,0,20,67.5000
train_713,1,0,0,0,0,0,1,0,0,0,0,0,5,0,3,1,0,2,0,0,18,69.4444
train_1072,0,0,0,0,0,0,0,0,0,0,0,0,4,1,1,0,1,1,1,0,11,63.6364
train_1437,0,0,0,0,0,0,0,0,0,0,0,0,6,0,3,4,0,1,0,0,16,87.5000
train_517,0,0,0,0,0,0,0,0,0,0,0,0,5,1,3,1,1,4,2,0,21,57.1429
train_501,1,1,0,0,0,0,0,0,0,0,0,0,4,2,3,1,2,2,0,0,20,65.0000
train_403,1,0,0,0,0,0,0,0,1,0,0,0,3,2,1,1,1,2,4,0,26,50.0000
train_1010,1,0,0,0,1,0,0,0,0,1,0,0,1,0,1,1,2,3,0,0,17,44.1176
train_138,0,0,0,0,0,0,0,0,0,0,0,0,4,1,3,3,0,1,1,0,15,80.0000
train_1348,1,0,0,0,0,1,0,0,0,0,0,0,3,1,3,3,0,1,0,0,18,75.0000
train_503,0,0,0,0,0,0,0,0,0,0,0,0,7,1,7,2,4,7,2,0,37,55.4054
train_1192,0,0,0,0,0,0,0,0,0,0,0,0,8,4,5,1,2,3,1,0,37,66.2162
train_1508,0,0,0,0,0,0,0,0,0,0,0,0,4,1,2,2,2,3,4,0,22,50.0000
train_854,1,0,0,1,1,0,1,0,0,0,0,0,3,0,3,0,0,3,1,0,28,53.5714
train_1208,0,0,0,0,0,0,0,0,0,0,0,0,1,3,0,0,0,2,2,0,15,50.0000
train_1278,1,0,0,0,1,0,0,0,0,0,0,0,3,0,1,4,2,3,0,0,17,58.8235
train_632,0,0,0,0,0,0,0,0,0,0,0,0,5,3,3,2,2,3,0,0,23,67.3913
train_762,0,0,0,0,0,0,0,0,0,0,0,0,7,2,4,1,0,1,2,0,23,73.9130
train_518,0,0,0,0,0,0,0,0,0,0,0,0,9,1,3,2,0,3,0,0,25,74.0000
train_1082,0,0,0,0,0,0,0,0,0,0,0,0,5,3,2,1,3,8,3,0,39,46.1538
train_1203,1,0,0,0,0,0,1,0,0,0,0,0,9,1,2,2,0,2,0,0,27,72.2222
train_159,1,1,0,0,0,0,0,0,0,0,0,0,1,1,1,0,0,0,1,0,10,60.0000
train_786,0,0,0,0,0,0,0,0,0,0,0,0,2,6,0,1,0,0,2,0,21,66.6667
train_1267,0,0,0,0,0,0,0,0,0,0,0,0,4,0,3,3,4,2,0,0,19,60.5263
train_805,0,0,0,0,0,0,0,0,0,0,0,0,6,4,2,1,0,0,1,0,21,78.5714
train_1384,1,0,0,0,0,1,0,0,0,0,0,0,4,3,1,4,0,1,1,0,24,70.8333
train_637,1,1,0,0,0,0,0,0,0,0,0,0,9,3,4,4,0,2,0,0,30,80.0000
train_633,0,0,0,0,0,0,0,0,0,0,0,0,5,0,1,2,4,5,1,0,28,46.4286
train_1166,1,0,0,0,0,1,1,0,0,0,0,0,6,3,5,2,0,2,2,0,34,67.6471
train_1078,0,0,1,0,0,0,0,0,0,0,0,0,10,3,4,2,0,5,1,0,30,71.6667
train_691,1,0,0,1,0,0,0,0,0,0,0,0,7,1,3,6,0,1,0,0,22,86.3636
train_271,1,0,1,0,0,0,0,0,0,0,0,0,4,0,3,3,0,2,1,0,22,65.9091
train_1190,1,1,0,0,0,0,0,0,0,0,0,0,4,1,2,2,0,1,0,0,12,83.3333
train_163,0,0,0,0,0,0,0,0,0,0,0,0,4,1,2,4,1,4,3,0,25,56.0000
train_408,0,0,0,0,0,0,0,0,0,0,0,0,3,3,2,0,1,2,3,0,23,54.3478
train_463,0,0,0,0,0,0,0,0,0,0,0,0,2,2,0,2,2,4,0,0,18,50.0000
train_118,1,0,1,0,0,0,0,0,0,0,0,0,4,2,2,3,2,2,2,0,22,61.3636
train_600,0,0,0,0,0,0,0,0,0,0,0,0,3,2,1,1,2,2,0,0,14,60.7143
train_366,1,0,0,0,0,0,0,0,0,0,0,0,10,3,5,8,4,4,2,0,46,67.3913
train_1442,0,0,0,0,0,0,0,0,0,0,0,0,7,1,2,2,0,0,0,0,21,78.5714
train_799,0,0,0,0,0,0,0,0,0,0,0,0,6,1,1,0,0,3,3,0,19,55.2632
train_1052,0,0,0,0,0,0,0,0,0,0,0,0,8,1,3,1,1,7,2,0,32,54.6875
train_1273,1,0,0,0,1,0,0,0,0,0,0,0,5,1,1,0,0,2,0,0,16,65.6250
train_99,1,0,0,0,0,1,0,0,0,0,1,0,5,1,6,2,0,2,1,0,28,69.6429
train_585,0,0,0,0,0,0,0,0,0,0,0,0,6,0,3,0,0,2,0,0,16,71.8750
train_1103,1,1,0,0,1,0,0,0,0,0,0,0,11,3,4,3,0,4,0,0,35,74.2857
train_1318,1,1,0,0,1,0,0,0,0,0,1,0,8,2,6,4,1,2,0,0,45,68.8889
train_345,1,0,1,0,0,0,0,0,0,0,0,1,6,5,2,2,0,2,1,0,32,68.7500
train_369,0,0,0,0,0,0,0,0,0,0,0,0,5,2,0,1,0,1,3,0,21,59.5238
train_1339,0,0,0,0,0,0,0,0,0,0,0,0,3,0,1,2,1,2,0,0,16,59.3750
train_283,1,1,0,0,0,1,0,0,0,0,0,0,2,0,6,0,0,1,1,0,30,60.0000
train_547,1,1,0,1,0,1,0,0,0,0,0,0,5,0,4,4,0,4,0,0,29,65.5172
train_495,0,0,1,0,0,0,0,0,0,0,0,0,4,3,3,3,0,1,0,0,15,90.0000
train_325,1,0,0,0,0,1,0,0,0,0,0,0,4,2,2,1,0,2,1,0,24,62.5000
train_755,1,0,0,0,0,0,0,0,1,0,0,0,8,4,4,5,0,1,0,0,30,83.3333
train_665,1,0,1,0,1,0,0,0,0,0,0,0,2,3,2,1,0,2,0,0,14,71.4286
train_686,1,1,0,0,0,0,0,0,0,0,0,0,3,6,4,2,0,2,3,0,28,67.8571
train_212,0,0,0,0,0,0,0,0,0,0,0,0,7,1,5,3,0,2,2,0,26,73.0769
train_500,0,0,0,0,0,1,0,0,0,0,0,0,10,3,3,3,0,3,2,0,35,70.0000
train_157,1,0,0,0,0,0,1,0,0,0,0,0,5,2,6,2,3,1,2,0,36,62.5000
train_718,1,0,1,0,1,1,0,0,0,0,0,1,3,4,4,2,1,2,2,0,29,63.7931
train_1505,1,0,0,0,0,0,0,0,1,0,0,0,6,1,2,1,0,1,3,0,20,65.0000
train_459,0,0,0,0,0,0,0,0,0,0,0,0,5,3,2,1,1,2,0,0,17,73.5294
train_162,1,0,0,0,1,0,0,0,0,0,0,0,1,0,0,2,1,2,1,0,11,45.4545
train_354,0,0,0,0,0,0,0,0,0,0,0,0,9,1,4,5,1,3,0,0,26,78.8462
train_1333,1,0,1,0,0,1,0,0,0,0,0,0,3,2,2,2,1,1,1,0,16,68.7500
train_1478,0,0,0,0,0,0,0,0,0,0,0,0,7,1,1,0,2,2,3,0,22,54.5455
train_1441,0,0,0,0,0,0,0,0,0,0,0,0,3,3,2,0,2,2,1,0,15,60.0000
train_1027,1,0,0,0,0,0,0,0,0,0,0,0,3,0,2,3,2,4,1,0,21,52.3810
train_464,0,0,0,0,0,0,0,0,0,0,0,0,5,0,1,3,3,4,7,0,37,43.2432
train_1317,1,0,0,0,1,0,0,0,0,0,0,0,8,5,2,2,0,4,2,0,30,68.3333
train_1186,1,0,1,0,0,0,0,0,0,0,0,0,1,2,0,1,0,1,2,0,10,55.0000
train_523,0,0,0,0,0,0,0,0,0,0,0,0,7,3,3,2,3,3,1,0,26,65.3846
train_764,0,0,0,0,0,0,0,0,0,0,0,0,5,3,3,2,1,2,0,0,18,77.7778
train_491,1,1,0,0,0,0,0,0,0,0,0,0,6,4,4,4,1,5,0,0,35,67.1429
train_700,1,0,0,0,1,0,0,0,0,0,0,0,2,2,3,2,0,2,0,0,19,68.4211
train_277,1,1,0,0,1,0,0,0,0,0,0,0,5,0,6,3,2,3,0,0,38,61.8421
train_1019,0,0,0,0,0,0,0,0,0,0,0,0,5,4,3,0,2,2,1,0,20,67.5000
train_1115,1,0,0,0,1,0,0,0,0,0,0,0,3,2,1,4,1,2,0,0,24,64.5833
train_376,1,0,0,0,1,0,1,0,0,0,0,0,4,1,4,4,2,3,0,0,30,63.3333
train_1436,1,0,0,0,0,0,0,0,0,0,0,0,7,3,1,0,0,4,2,0,29,58.6207
train_886,0,0,0,0,0,0,0,0,0,0,0,0,3,3,3,2,1,2,1,0,21,66.6667
train_660,1,0,0,0,0,1,0,0,0,0,0,0,6,0,1,1,2,2,0,0,22,59.0909
train_928,0,0,0,0,0,0,0,0,0,0,0,0,5,2,3,4,2,1,3,0,27,64.8148
train_290,1,0,0,0,1,1,0,0,0,0,0,0,4,1,2,3,0,1,1,0,18,72.2222
train_774,0,0,0,0,0,0,0,0,0,0,0,0,8,3,1,0,1,3,0,0,22,68.1818
train_707,1,1,0,0,0,0,0,0,0,0,0,0,6,2,4,4,0,1,1,0,23,80.4348
train_789,1,0,0,0,0,0,0,0,0,0,0,1,3,6,3,1,1,1,3,0,25,66.0000
train_908,0,0,0,0,0,0,0,0,0,0,0,0,2,2,2,0,2,3,4,0,21,42.8571
train_1232,1,0,0,0,1,1,0,0,0,0,0,0,5,1,4,0,0,2,4,0,31,56.4516
train_1136,0,0,0,0,0,0,0,0,0,0,0,0,3,5,0,1,1,2,1,0,22,61.3636
train_158,1,1,0,0,0,0,0,0,0,0,0,0,4,0,1,2,0,2,0,0,15,66.6667
train_1159,0,0,0,0,0,0,0,0,0,0,0,0,8,5,2,0,1,2,1,0,31,67.7419
train_294,0,0,0,0,0,0,0,0,0,0,0,0,5,1,3,3,0,2,0,0,17,79.4118
train_822,0,0,0,0,0,0,0,0,0,0,0,0,14,4,3,5,1,1,2,0,41,76.8293
train_1230,0,0,0,0,0,0,0,0,0,0,0,0,4,6,1,3,1,1,1,0,23,73.9130
train_972,1,0,1,0,0,1,0,0,0,0,0,1,5,4,5,5,1,3,1,0,37,68.9189
train_170,1,1,0,0,0,0,0,0,0,0,0,0,4,1,2,3,2,5,2,0,26,51.9231
train_861,0,0,0,0,0,0,0,0,0,0,0,0,7,2,3,1,0,1,1,0,19,78.9474
train_1022,1,0,0,0,1,0,1,0,0,0,0,0,7,1,3,1,0,1,0,0,23,73.9130
train_853,1,0,0,0,0,1,0,0,0,0,0,0,2,3,2,0,0,2,1,0,21,59.5238
train_1073,1,0,0,0,0,1,0,0,0,0,0,0,1,1,2,0,0,2,0,0,11,59.0909
train_30,1,0,0,1,0,1,0,0,0,0,0,0,2,0,1,1,0,1,1,0,13,57.6923
train_680,1,1,0,0,0,1,0,0,0,0,0,0,3,1,5,3,0,0,0,0,24,75.0000
train_512,0,0,0,0,0,0,0,0,0,0,0,0,11,2,6,2,3,6,0,0,45,63.3333
train_460,1,0,0,0,0,0,0,0,0,0,0,0,4,1,2,3,0,2,1,0,19,68.4211
train_965,1,0,0,0,1,0,0,0,0,0,0,0,2,2,1,3,0,1,0,0,21,66.6667
train_521,0,0,0,0,0,0,0,0,0,0,0,0,3,2,0,1,0,3,4,0,17,47.0588
train_434,1,0,1,0,0,1,0,0,1,0,0,0,4,2,4,2,0,1,0,0,22,75.0000
train_320,1,1,0,0,0,0,0,0,0,0,0,0,2,2,2,2,0,1,0,0,13,76.9231
train_574,1,0,0,0,0,0,0,0,0,0,0,0,6,1,4,2,0,1,0,0,18,83.3333
train_222,1,0,0,0,1,0,0,0,0,0,0,0,2,0,2,1,0,2,0,0,14,60.7143
train_611,0,0,0,0,0,0,0,0,0,0,0,0,4,0,0,0,0,2,0,0,10,60.0000
train_110,1,0,0,0,0,1,0,0,0,0,0,0,4,1,5,1,0,2,3,0,29,60.3448
train_87,1,0,0,0,0,0,0,0,0,0,0,0,6,2,4,4,1,1,0,0,27,75.9259
train_1246,1,0,0,0,1,0,0,0,0,0,0,0,2,1,2,1,0,1,0,0,13,69.2308
train_1056,1,1,0,0,0,0,0,0,0,0,0,0,5,4,3,4,0,3,1,0,28,71.4286
train_156,1,0,0,0,0,0,0,0,0,0,0,0,3,1,2,2,0,1,0,0,13,76.9231
train_568,0,0,0,0,0,0,0,0,0,0,0,0,5,2,4,2,1,3,0,0,19,73.6842
train_1249,0,0,0,0,0,0,0,0,0,0,0,0,4,1,1,2,3,3,0,0,22,54.5455
train_1047,0,0,0,0,0,0,0,0,0,0,0,0,14,6,7,5,2,4,0,0,46,78.2609
train_825,0,0,0,0,0,0,0,0,0,0,0,0,5,0,3,4,1,3,0,0,21,69.0476
train_344,1,0,0,0,1,0,0,0,0,0,0,0,6,3,2,0,2,2,1,0,24,62.5000
train_782,0,0,0,0,0,0,0,0,0,0,0,0,8,3,3,3,0,1,1,0,26,78.8462
train_1472,0,0,0,0,0,0,0,0,0,0,0,0,5,2,1,2,0,5,5,0,29,50.0000
train_234,1,0,0,0,0,1,0,0,0,0,0,0,5,2,6,2,0,2,0,0,31,70.9677
train_484,0,0,0,0,0,0,0,0,0,0,0,0,5,1,1,1,1,3,0,0,17,61.7647
train_1116,0,0,1,0,0,0,0,0,0,0,0,0,3,3,1,2,0,2,1,0,21,64.2857
train_1228,1,0,0,0,0,0,0,0,0,1,0,0,3,1,1,3,2,1,2,0,20,57.5000
train_699,1,0,1,0,0,1,0,0,0,0,0,0,7,2,2,1,0,3,1,0,21,69.0476
train_237,1,1,1,1,1,1,1,0,1,0,0,0,810,69,72,182,146,152,60,19,2531,64.9348
train_536,0,0,0,0,0,0,0,0,0,0,0,0,6,2,3,1,3,3,1,0,27,59.2593
train_1495,1,1,0,0,0,0,0,0,0,0,0,0,4,4,1,3,0,2,1,0,23,69.5652
train_592,0,0,0,0,0,0,0,0,0,0,0,0,4,3,2,1,2,2,1,0,20,62.5000
train_1320,1,0,0,0,0,1,0,0,0,0,0,0,2,3,4,1,0,3,0,0,25,64.0000
train_1242,0,0,0,0,0,0,0,0,0,0,0,0,7,1,2,2,1,3,1,0,25,64.0000
train_507,0,0,0,0,0,0,0,0,0,0,0,0,7,2,4,2,3,7,2,0,37,54.0541
train_1119,0,0,0,0,0,0,0,0,0,0,0,0,7,2,2,6,2,2,0,0,27,74.0741
train_218,1,0,0,0,1,0,0,0,0,0,0,0,2,1,2,2,1,1,1,0,18,61.1111
train_1340,1,0,0,0,1,1,0,0,0,0,0,0,3,0,5,3,1,1,0,0,21,71.4286
train_669,1,0,0,0,1,0,0,0,0,0,0,0,2,4,1,2,2,1,1,0,21,61.9048
train_1001,1,0,1,0,0,1,0,0,0,0,0,0,2,1,1,0,1,1,0,0,11,59.0909
train_298,0,0,0,0,0,0,0,0,0,0,0,0,2,0,1,2,0,2,1,0,10,60.0000
train_1184,1,1,0,0,1,0,0,0,0,0,0,0,3,1,1,0,0,0,0,0,18,63.8889
train_881,0,0,0,0,0,0,0,0,0,0,0,0,3,0,1,2,1,4,1,0,17,50.0000
train_1280,0,0,0,0,0,0,0,0,0,0,0,0,9,3,6,2,0,2,2,0,29,77.5862
train_1424,0,0,0,0,0,0,0,0,0,0,0,0,4,3,2,2,0,1,0,0,13,88.4615
train_985,0,0,0,0,0,0,0,0,0,0,0,0,2,2,3,1,2,1,1,0,20,60.0000
train_257,0,0,0,0,0,0,0,0,0,0,0,0,2,0,0,2,2,4,1,0,17,41.1765
train_984,0,0,0,0,0,0,0,0,0,0,0,0,5,1,0,1,0,1,2,0,16,62.5000
train_259,1,0,0,0,1,0,0,0,0,0,0,0,5,1,4,6,0,1,0,0,25,80.0000
train_1371,1,0,0,0,0,1,0,0,0,0,0,0,2,2,2,1,0,1,0,0,12,75.0000
train_900,0,0,0,0,0,0,0,0,0,0,0,0,5,3,2,2,0,2,3,0,25,64.0000
train_924,0,0,0,0,0,0,0,0,0,0,0,0,7,2,4,2,1,1,1,0,23,76.0870
train_1450,1,0,0,0,1,0,0,0,0,0,0,0,7,3,5,5,4,4,1,0,38,64.4737
train_296,0,0,0,0,0,0,0,0,0,0,0,0,4,2,0,3,0,1,0,0,14,78.5714
train_72,1,1,1,0,0,1,0,0,0,0,0,0,4,3,3,2,1,2,0,0,31,64.5161
train_581,0,0,0,0,0,0,0,0,0,0,0,0,5,2,2,4,1,3,2,0,22,65.9091
train_896,0,0,0,0,0,0,0,0,0,0,0,0,9,3,3,2,1,1,3,0,29,70.6897
train_317,0,0,0,0,0,0,0,0,0,0,0,0,2,0,1,0,1,2,2,0,15,43.3333
train_1012,0,0,0,0,0,0,0,0,0,0,0,0,6,2,1,1,1,2,0,0,18,69.4444
train_872,0,0,0,0,0,0,0,0,0,0,0,0,6,1,3,3,1,2,0,0,18,77.7778
train_1470,1,0,1,0,0,1,1,0,1,0,0,0,4,2,4,4,1,3,1,0,34,63.2353
train_905,0,0,0,0,0,0,0,0,0,0,0,0,5,0,2,1,2,4,0,0,20,55.0000
train_590,0,0,0,0,0,0,0,0,0,0,0,0,11,3,3,5,2,4,2,0,38,68.4211
train_384,1,1,1,0,0,0,0,0,0,0,0,0,4,1,3,2,1,2,0,0,20,67.5000
train_614,1,0,0,0,1,1,0,0,0,0,0,0,5,6,3,4,2,3,0,0,32,70.3125
train_145,1,1,0,0,1,1,0,0,0,0,0,0,5,0,3,3,2,4,1,0,32,56.2500
train_1313,1,1,0,0,0,1,0,0,0,0,0,0,8,1,8,3,4,1,0,0,37,70.2703
train_1288,0,0,0,0,0,0,0,0,0,0,0,0,7,2,2,0,0,2,0,0,19,73.6842
train_186,1,0,0,0,0,1,0,0,0,0,0,0,3,0,4,2,1,2,1,0,17,64.7059
train_1435,0,0,0,0,0,0,0,0,0,0,0,0,4,2,2,2,1,2,1,0,17,67.6471
train_108,1,0,0,0,0,1,1,0,0,0,0,0,5,2,5,4,1,4,2,0,43,60.4651
train_55,1,1,1,0,1,1,0,0,0,0,0,0,7,4,2,2,1,2,1,0,32,67.1875
train_32,1,1,0,0,0,0,0,0,1,0,0,0,4,1,4,3,0,2,1,0,25,68.0000
train_798,0,0,0,0,0,0,0,0,0,0,0,0,6,1,3,3,1,2,0,0,23,71.7391
train_1018,0,0,0,0,0,0,0,0,0,0,0,0,10,0,2,1,1,3,2,0,24,64.5833
train_938,1,0,0,0,0,1,0,0,0,0,0,0,9,4,6,5,1,2,0,0,40,76.2500
train_1275,0,0,0,0,0,0,0,0,0,0,0,0,10,3,1,2,2,2,2,0,33,65.1515
train_85,0,0,0,0,0,0,0,0,0,0,0,0,6,1,2,1,0,2,0,0,16,75.0000
train_831,1,0,0,0,0,0,0,0,0,0,0,0,4,4,4,3,2,4,0,0,28,66.0714
train_1489,1,1,0,0,0,0,0,0,0,0,0,0,4,1,5,1,1,3,0,0,21,66.6667
train_94,0,0,0,0,0,0,0,0,0,0,0,0,3,1,1,2,2,3,0,0,18,55.5556
train_1323,1,0,0,0,1,1,0,0,1,0,0,0,4,1,5,3,0,2,1,0,32,65.6250
train_117,1,0,1,0,0,0,0,1,0,0,0,0,4,3,2,1,0,1,1,0,18,72.2222
train_350,0,0,0,0,0,0,0,0,0,0,0,0,4,1,1,2,1,3,0,0,16,62.5000
train_1125,0,0,0,0,0,0,0,0,0,0,0,0,4,2,0,3,1,2,4,0,26,53.8462
train_274,0,0,0,0,0,0,0,0,0,0,0,0,6,3,2,1,2,5,0,0,24,60.4167
train_961,1,0,0,0,0,1,1,0,0,0,0,0,2,2,1,4,1,3,1,0,27,57.4074
train_1094,0,0,0,0,0,0,0,0,0,0,0,0,4,2,3,1,1,3,1,0,20,62.5000
train_330,0,0,0,0,0,0,0,0,0,0,0,0,4,0,3,1,2,1,0,0,15,66.6667
train_1362,0,0,0,0,0,0,0,0,0,0,0,0,9,2,1,2,4,3,2,0,37,56.7568
train_847,1,0,0,0,0,1,0,0,0,0,0,0,2,2,0,1,1,3,0,0,13,53.8462
train_39,0,0,0,0,0,0,0,0,0,0,0,0,6,2,4,5,0,2,1,0,23,80.4348
train_663,1,0,0,0,0,1,0,0,0,0,0,0,7,3,1,1,0,1,0,0,21,76.1905
train_1062,1,0,0,0,0,0,1,0,0,0,0,0,1,0,2,3,0,1,1,0,16,62.5000
train_550,0,0,0,0,0,0,0,0,0,0,0,0,8,3,3,4,1,3,2,0,37,66.2162
train_19,1,0,0,0,0,1,0,0,0,0,0,0,4,2,2,2,2,2,1,0,22,61.3636
train_509,1,0,0,0,0,0,0,0,0,0,0,0,8,3,1,2,1,2,0,0,26,71.1538
train_970,0,0,0,0,0,0,0,0,0,0,0,0,10,2,3,3,2,2,0,0,31,72.5806
train_815,0,0,0,0,0,0,0,0,0,0,0,0,6,6,2,1,0,1,3,0,25,72.0000
train_244,1,0,0,0,0,0,1,0,0,0,0,0,4,0,4,2,3,3,0,0,20,60.0000
train_556,0,0,0,0,0,0,0,0,0,0,0,0,3,1,0,2,2,3,1,0,16,50.0000
train_342,1,1,0,0,0,0,0,0,0,0,0,0,5,4,2,5,0,3,0,0,26,75.0000
train_1251,0,0,0,0,0,0,0,0,0,0,0,0,6,2,2,3,2,2,0,0,22,70.4545
train_862,0,0,0,0,0,0,0,0,0,0,0,0,4,4,5,2,2,0,2,0,25,72.0000
train_1462,0,0,0,0,0,0,0,0,0,0,0,0,4,2,2,2,0,0,1,0,14,82.1429
train_437,1,0,1,0,1,1,1,0,0,0,0,0,3,2,3,4,0,1,0,0,24,72.9167
train_1079,0,0,0,0,0,0,0,0,0,0,0,0,8,3,6,4,0,3,0,0,30,80.0000
train_2,1,0,0,0,0,0,0,0,0,0,0,0,14,5,6,2,2,2,0,0,42,77.3810
train_560,0,0,0,0,0,0,0,0,0,0,0,0,6,4,0,4,0,3,0,0,20,77.5000
train_169,1,0,0,0,0,1,0,0,0,0,0,0,5,0,1,2,1,4,0,0,21,57.1429
train_1393,0,0,0,0,0,0,0,0,0,0,0,0,8,0,4,4,0,3,0,0,25,76.0000
train_559,0,0,0,0,0,0,0,0,0,0,0,0,4,0,1,1,0,1,0,0,11,72.7273
train_728,1,0,0,0,1,0,0,0,0,0,0,0,4,1,3,2,0,1,2,0,25,64.0000
train_1254,0,0,0,0,0,0,0,0,0,0,0,0,5,1,4,1,3,3,1,0,23,58.6957
train_1310,0,0,0,0,0,0,0,0,0,0,0,0,4,1,2,3,0,0,3,0,17,70.5882
train_204,0,0,0,0,0,0,0,0,0,0,0,0,3,1,2,1,1,1,0,0,12,70.8333
train_994,0,0,0,0,0,0,0,0,0,0,0,0,11,4,5,1,1,3,1,0,32,75.0000
train_857,0,0,0,0,0,0,0,0,0,0,0,0,4,1,3,0,3,3,2,0,21,50.0000
train_478,1,1,0,0,1,0,0,0,0,0,0,0,4,0,2,2,1,6,1,0,33,50.0000
train_1120,1,0,0,0,1,0,0,0,0,0,0,0,9,1,3,1,2,5,0,0,29,62.0690
train_730,1,1,0,0,0,0,0,0,0,0,0,0,8,2,0,1,0,1,0,0,22,72.7273
train_448,1,1,0,0,0,0,0,0,0,0,0,0,4,1,2,2,0,1,0,0,20,70.0000
train_688,1,0,0,0,1,1,0,0,0,0,0,0,2,1,4,3,1,1,2,0,23,63.0435
train_1256,0,0,0,0,0,0,0,0,0,0,0,0,7,3,3,5,2,3,4,1,33,62.1212
train_869,0,0,0,0,0,0,0,0,0,0,0,0,7,2,2,0,1,3,1,0,24,62.5000
train_1451,0,0,1,0,0,0,0,0,0,0,0,0,6,2,1,3,0,3,1,0,22,68.1818
train_233,1,1,0,0,0,0,0,0,0,0,0,0,4,2,2,2,3,1,1,0,22,61.3636
train_18,1,0,1,0,1,0,0,0,0,0,0,0,4,1,1,3,1,4,1,0,21,57.1429
train_990,0,0,0,0,0,0,0,0,0,0,0,0,6,1,2,2,2,3,0,0,27,61.1111
train_1128,0,0,0,0,0,0,0,0,0,0,0,0,5,0,1,1,1,5,0,0,20,52.5000
train_410,1,1,0,0,0,0,0,0,0,0,0,0,5,3,4,1,0,4,1,0,24,66.6667
train_1294,1,0,0,0,1,1,0,0,0,0,0,0,1,0,0,2,1,2,1,0,14,46.4286
train_974,0,0,0,0,0,0,0,0,0,0,0,0,3,2,2,2,0,2,0,1,18,66.6667
train_1069,0,0,0,0,0,0,0,0,0,0,0,0,7,2,2,1,1,0,0,0,18,80.5556
train_20,1,1,1,0,1,1,0,0,0,0,0,0,2,3,2,1,0,3,1,0,27,57.4074
train_1245,0,0,0,0,0,0,0,0,0,0,0,0,6,0,3,0,0,3,1,0,19,63.1579
train_565,1,0,0,0,0,0,0,0,0,0,0,0,5,4,2,1,0,0,1,0,19,78.9474
train_420,1,0,0,0,0,1,0,0,0,0,0,0,5,4,4,2,0,1,1,0,26,75.0000
train_653,1,1,0,0,0,0,0,0,0,0,0,0,3,0,2,1,2,3,0,0,19,52.6316
train_199,1,0,0,0,1,1,0,0,0,0,0,0,89,7,15,17,17,27,10,0,317,61.6719
train_1223,1,1,0,0,0,0,0,0,0,0,0,0,2,1,2,1,0,5,2,0,19,47.3684
train_930,0,0,0,0,0,0,0,0,0,0,0,0,7,2,4,3,2,6,3,0,33,57.5758
train_1221,1,0,0,0,1,1,0,0,0,0,0,0,3,1,4,2,0,2,0,0,24,66.6667
train_160,1,0,0,0,1,1,0,0,0,0,0,0,2,3,3,0,0,0,3,0,31,58.0645
train_533,0,0,0,0,0,0,0,0,0,0,0,0,5,1,1,4,1,3,0,0,20,67.5000
train_1302,1,0,0,0,0,0,0,0,0,1,0,0,5,1,6,6,0,3,2,0,36,68.0556
train_375,1,0,0,0,0,0,1,0,0,0,0,0,7,0,4,2,2,3,3,0,36,56.9444
train_1014,1,0,0,0,1,0,0,0,0,0,0,0,7,0,3,1,0,1,2,0,29,63.7931
train_1286,0,0,0,0,0,0,0,0,0,0,0,0,5,3,0,3,0,1,2,0,21,69.0476
train_208,0,0,0,0,0,0,0,0,0,0,0,0,3,3,1,3,1,2,0,0,17,70.5882
train_569,0,0,0,0,0,0,0,0,0,0,0,0,10,6,3,2,1,6,2,0,39,65.3846
train_1289,0,0,0,0,0,0,0,0,0,0,0,0,4,2,1,0,1,3,3,0,21,50.0000
train_221,1,0,1,0,0,1,0,0,1,0,0,0,2,1,2,2,3,3,0,0,21,52.3810
train_1469,1,0,0,0,1,0,0,0,0,0,0,0,1,0,1,0,0,1,1,0,12,50.0000
train_655,1,0,0,0,0,1,0,0,0,0,0,0,5,3,4,2,1,1,3,0,30,65.0000
train_954,1,0,1,0,1,1,1,0,0,0,0,0,6,7,5,0,1,2,1,0,37,68.9189
train_1058,0,0,0,0,0,0,0,0,0,0,0,0,9,2,3,1,0,2,3,0,28,67.8571
train_203,1,1,0,0,0,0,0,0,0,0,0,0,3,1,3,2,0,2,0,0,19,68.4211
train_1034,0,0,0,0,0,0,0,0,0,0,0,0,4,4,2,4,1,2,1,0,25,70.0000
train_558,1,1,0,0,0,0,0,0,0,0,0,0,6,4,4,4,2,5,2,0,35,62.8571
train_68,1,1,0,0,1,0,0,0,0,0,0,0,5,1,5,3,3,7,1,0,36,54.1667
train_1198,1,1,0,0,0,0,0,0,0,0,0,0,5,1,4,3,1,1,1,0,23,71.7391
train_15,1,0,0,0,1,0,0,0,0,0,0,0,3,3,5,3,3,3,4,0,37,55.4054
train_1423,1,0,0,0,0,0,0,0,0,0,0,0,5,1,2,1,1,3,1,0,20,60.0000
train_871,0,0,0,0,0,0,0,0,0,0,0,0,5,1,2,1,2,4,1,0,25,54.0000
train_78,1,0,0,0,0,0,0,0,0,0,1,0,3,0,2,2,3,4,1,0,19,47.3684
train_1173,0,0,0,0,0,0,0,0,0,0,0,0,7,1,1,1,1,3,1,0,18,63.8889
train_1107,1,1,0,0,0,0,0,0,0,0,0,0,3,1,0,1,1,2,4,0,24,45.8333
train_837,0,0,0,0,0,0,0,0,0,0,0,0,9,1,4,4,1,1,1,0,26,78.8462
train_1271,0,0,0,0,0,0,0,0,0,0,0,0,9,2,3,2,0,5,0,0,25,72.0000
train_357,0,0,0,0,0,0,0,0,0,0,0,0,6,3,2,7,1,6,0,0,33,66.6667
train_343,0,0,0,0,0,0,0,0,0,0,0,0,5,5,1,3,4,5,2,0,35,54.2857
train_242,1,1,0,0,1,0,0,0,0,1,0,0,8,3,6,4,2,3,1,0,45,66.6667
train_468,1,1,0,0,0,0,0,0,0,0,0,0,3,4,3,3,0,0,0,0,19,84.2105
train_146,1,0,0,1,1,1,0,0,0,0,0,0,3,3,5,2,2,2,1,0,29,63.7931
train_640,0,0,0,0,0,0,0,0,0,0,0,0,5,1,2,0,0,1,0,0,11,81.8182
train_1475,1,0,0,0,1,0,1,0,0,0,0,0,4,0,4,6,0,6,2,0,32,59.3750
train_708,0,0,0,0,0,0,0,0,0,0,0,0,4,4,2,2,3,3,4,0,33,53.0303
train_578,0,0,0,0,0,0,0,0,0,0,0,0,5,2,2,4,0,2,0,0,22,75.0000
train_1341,0,0,0,0,0,0,0,0,0,0,0,0,7,4,3,0,4,4,1,0,29,58.6207
train_1268,0,0,0,0,0,0,0,0,0,0,0,0,7,3,4,2,2,5,3,1,34,57.3529
train_834,0,0,0,0,0,0,0,0,0,0,0,0,5,1,3,4,1,2,0,0,19,76.3158
train_279,1,1,0,0,1,1,0,0,0,0,0,0,1,2,3,1,0,1,0,0,15,70.0000
train_472,0,0,1,0,0,0,0,0,0,0,0,0,7,3,2,3,1,6,2,0,33,59.0909
train_1383,1,0,0,0,1,0,0,0,0,0,0,0,5,1,4,4,2,4,0,0,27,64.8148
train_587,0,0,0,0,0,0,0,0,0,0,0,0,4,3,1,2,1,3,0,0,18,66.6667
train_80,1,0,0,0,0,1,0,0,0,0,0,0,3,3,3,2,0,2,0,0,19,73.6842
train_142,1,1,0,0,1,1,0,0,0,0,0,0,4,1,3,1,1,2,0,0,24,62.5000
train_1183,0,0,0,0,0,0,0,0,0,0,0,0,7,1,5,3,1,2,1,0,23,76.0870
train_1096,1,0,0,0,1,1,0,0,0,0,0,0,1,3,2,2,0,1,0,0,16,71.8750
train_175,1,1,0,0,0,0,0,0,0,0,0,0,7,4,6,4,2,3,1,0,36,70.8333
train_176,1,0,0,0,0,1,0,0,0,0,0,0,3,3,3,0,2,2,0,0,17,64.7059
train_1211,0,0,0,0,0,0,0,0,0,0,0,0,3,2,1,1,0,1,3,0,14,60.7143
train_657,1,0,0,0,0,1,0,0,0,0,0,0,4,5,1,2,4,4,0,0,32,56.2500
train_35,0,0,0,0,0,0,0,0,0,0,0,0,6,2,2,4,1,3,1,0,22,70.4545
train_1248,0,0,0,0,0,0,0,0,0,0,0,0,6,3,3,3,1,3,3,0,30,63.3333
train_1123,1,1,1,0,0,0,0,0,0,0,0,0,6,0,3,2,1,2,1,0,23,65.2174
train_597,0,0,1,0,0,0,0,0,0,0,0,0,4,2,1,1,1,2,0,0,12,70.8333
train_1002,1,1,0,0,0,0,0,0,0,0,0,0,1,0,1,1,1,2,1,0,16,46.8750
train_646,0,0,0,0,0,0,0,0,0,0,0,0,7,1,3,3,1,4,0,0,26,67.3077
train_394,1,0,0,0,1,1,0,0,0,1,0,0,5,3,2,3,1,3,2,0,37,59.4595
train_1480,1,0,0,0,1,0,0,0,0,0,0,0,2,0,1,1,1,1,0,0,12,58.3333
train_1004,0,0,0,0,0,0,0,0,0,0,0,0,10,3,3,2,1,3,0,0,31,72.5806
train_1127,1,0,1,0,0,0,1,0,0,0,0,0,10,6,4,3,3,2,0,0,41,71.9512
train_1492,0,0,1,0,0,0,0,0,0,0,0,0,2,2,0,1,0,1,2,0,9,61.1111
train_181,1,1,0,0,0,0,0,0,0,0,0,0,5,1,4,0,0,3,1,0,22,63.6364
train_797,0,0,0,0,0,0,0,0,0,0,0,0,7,1,4,2,2,2,0,0,26,69.2308
train_749,0,0,0,0,0,0,0,0,0,0,0,0,6,3,1,3,0,1,0,0,19,81.5789
train_1132,1,0,1,0,0,0,0,0,0,0,0,0,2,3,1,0,1,1,1,0,16,59.3750
train_579,0,0,0,0,0,0,0,0,0,0,0,0,7,2,6,2,1,1,2,0,30,71.6667
train_1476,1,0,0,0,0,1,0,0,0,0,0,0,1,1,2,2,1,1,3,0,28,51.7857
train_1361,0,0,0,0,0,0,0,0,0,0,0,0,2,1,2,0,3,5,0,0,24,43.7500
train_1276,1,0,0,0,1,1,0,0,0,0,0,0,6,1,6,2,3,5,0,0,37,59.4595
train_382,1,0,0,0,1,1,0,0,0,0,0,0,3,1,3,3,0,1,0,0,15,80.0000
train_1202,0,0,0,0,0,0,0,0,0,0,0,0,4,3,2,3,0,0,2,0,19,76.3158
train_125,1,1,0,0,0,0,0,0,0,1,0,0,5,0,3,4,2,2,1,1,35,58.5714
train_310,0,0,0,0,0,0,0,0,0,0,0,0,7,3,2,4,0,3,1,0,26,73.0769
train_942,0,0,0,0,0,0,0,0,0,0,0,0,3,2,2,1,3,3,2,0,22,50.0000
train_189,1,1,1,0,0,1,0,0,0,0,0,0,4,1,6,3,0,0,2,0,24,75.0000
train_1178,0,0,0,0,0,0,0,0,0,0,0,0,3,0,2,2,1,4,2,0,18,50.0000
train_1172,0,0,0,0,0,0,0,0,0,0,0,0,11,9,4,5,1,2,1,0,48,76.0417
train_1070,0,0,1,0,0,0,0,0,0,0,0,0,4,2,1,1,1,4,2,0,19,52.6316
train_566,0,0,0,0,0,0,0,0,0,0,0,0,9,6,6,1,1,4,0,0,29,79.3103
train_1299,1,0,0,0,0,0,0,0,0,0,0,0,8,1,3,3,0,3,1,0,25,72.0000
train_617,1,0,0,0,1,1,0,0,0,0,0,0,2,0,2,2,3,2,2,0,19,47.3684
train_1301,0,0,0,0,0,0,0,0,0,0,0,0,5,1,1,2,2,3,0,0,20,60.0000
train_737,1,0,0,0,1,1,0,0,0,0,0,0,4,1,2,1,2,2,1,0,23,56.5217
train_867,0,0,0,0,0,0,0,0,0,0,0,0,6,3,4,5,0,3,0,0,28,76.7857
train_746,0,0,0,0,0,0,0,0,0,0,0,0,4,2,2,1,0,2,2,0,18,63.8889
train_1440,1,0,0,0,0,0,0,0,0,0,0,0,4,2,2,1,1,3,0,0,17,64.7059
train_1395,0,0,0,0,0,0,0,0,0,0,0,0,5,3,2,1,1,2,0,0,18,72.2222
train_562,0,0,0,0,0,0,0,0,0,0,0,0,3,2,0,2,4,3,0,0,20,50.0000
train_1496,0,0,0,0,0,0,0,0,0,0,0,0,3,1,1,2,1,1,1,0,14,64.2857
train_927,0,0,0,0,0,0,0,0,0,0,0,0,3,1,3,1,3,6,1,0,26,46.1538
train_184,1,0,0,0,0,0,0,0,0,0,0,0,10,2,7,5,0,6,1,0,40,71.2500
train_314,1,1,0,0,1,0,0,0,0,0,0,1,5,2,3,2,3,4,1,0,32,56.2500
train_147,0,0,0,0,0,0,0,0,0,0,0,0,3,0,2,2,0,1,0,0,11,77.2727
train_830,0,0,0,0,0,0,0,0,0,0,0,0,6,1,1,5,0,1,1,0,21,76.1905
train_34,1,1,0,0,0,0,0,0,1,0,0,0,0,0,1,1,0,1,0,0,11,54.5455
train_191,1,0,0,0,0,0,0,0,0,0,0,0,3,0,1,0,1,2,0,0,11,54.5455
train_487,1,0,1,0,0,0,0,0,0,0,0,0,5,1,1,1,3,2,0,0,20,57.5000
train_627,0,0,0,0,0,0,0,0,0,0,0,0,4,4,2,2,2,2,4,0,28,57.1429
train_975,1,0,1,0,0,1,0,0,0,0,0,0,7,5,9,5,2,5,2,0,50,67.0000
train_312,1,0,0,0,0,1,0,0,0,0,0,0,4,0,3,1,0,3,1,0,20,60.0000
train_446,1,0,1,0,0,0,0,0,0,0,0,0,8,2,2,4,0,0,2,0,27,75.9259
train_541,1,1,0,0,0,1,0,0,0,0,0,0,5,3,2,2,1,3,1,0,31,61.2903
train_760,0,0,0,0,0,0,0,0,0,0,0,0,7,0,2,3,2,3,0,0,21,66.6667
train_903,0,0,0,0,0,0,0,0,0,0,0,0,5,1,1,3,1,3,3,0,22,56.8182
train_388,1,1,0,0,1,0,0,0,0,0,0,0,3,1,2,4,2,3,1,0,23,58.6957
train_1145,0,0,1,0,0,0,0,0,0,0,0,0,12,1,8,5,1,4,1,0,43,73.2558
train_522,0,0,0,0,1,0,0,0,0,0,0,0,9,1,4,5,0,1,0,0,22,90.9091
train_607,0,0,0,0,1,0,0,0,0,0,0,0,4,3,3,0,0,1,0,0,17,76.4706
train_1129,1,1,0,0,0,1,1,0,0,0,0,0,3,1,3,2,0,2,0,0,23,65.2174
train_1482,1,1,0,0,1,0,0,0,0,1,0,0,2,2,3,1,4,3,4,0,35,45.7143
train_1193,1,0,0,0,0,0,0,0,0,0,0,0,4,1,4,1,1,3,2,0,21,59.5238
train_630,0,0,0,0,0,0,0,0,0,0,0,0,4,1,3,2,0,1,2,0,15,73.3333
train_431,1,0,0,0,1,1,0,0,0,0,0,0,4,1,2,3,1,2,1,0,27,61.1111
train_339,1,1,0,0,0,0,0,0,0,0,0,0,3,2,4,0,2,2,1,0,24,58.3333
train_485,0,0,0,0,0,0,0,0,0,0,0,0,8,9,7,3,2,2,2,0,42,75.0000
train_678,0,0,0,0,1,0,0,0,0,0,0,0,6,0,4,1,1,3,0,0,19,68.4211
train_1138,1,0,1,0,1,0,0,0,0,0,0,0,3,1,0,2,0,2,1,0,13,61.5385
train_75,1,1,0,0,0,0,0,0,0,0,0,0,3,3,1,0,1,2,1,0,18,58.3333
train_1257,0,0,0,0,0,0,0,0,0,0,0,0,4,2,1,1,0,1,0,0,17,70.5882
train_636,0,0,0,0,0,0,0,0,0,0,0,0,7,2,2,1,0,2,0,0,18,77.7778
train_694,1,0,0,0,1,1,0,0,0,0,0,0,4,3,2,2,1,1,0,0,27,66.6667
train_1111,1,0,0,0,1,0,0,0,0,0,0,0,1,0,2,0,1,2,1,0,14,46.4286
train_263,1,1,0,0,0,0,0,0,0,0,0,0,3,0,0,0,0,2,0,0,13,53.8462
train_819,0,0,0,0,0,0,0,0,0,0,0,0,2,1,1,0,3,4,2,0,17,35.2941
train_1433,1,0,0,0,0,1,0,0,0,0,0,0,6,3,2,2,0,0,0,0,20,82.5000
train_422,1,0,1,0,0,0,0,0,0,0,0,0,3,4,1,3,1,3,2,0,21,61.9048
train_1356,0,0,0,0,0,0,0,0,0,0,0,0,5,0,2,4,2,8,1,0,31,50.0000
train_486,1,0,1,0,0,0,0,0,0,0,0,0,9,3,5,6,1,1,0,0,30,85.0000
train_524,0,0,0,0,0,0,0,0,0,0,0,0,2,1,1,1,2,2,2,0,21,47.6190
train_107,1,1,0,0,0,1,0,0,0,0,0,0,7,2,6,4,2,3,0,0,39,67.9487
train_671,0,0,0,0,0,0,0,0,0,0,0,0,7,2,3,4,0,3,1,0,27,72.2222
train_1354,1,1,0,0,0,1,0,0,0,0,0,0,5,3,4,4,0,0,4,0,30,70.0000
train_813,0,0,0,0,0,0,0,0,0,0,0,0,6,3,4,1,2,2,0,0,22,72.7273
train_899,1,0,0,0,0,0,0,0,0,0,0,0,8,2,1,0,0,2,1,0,27,64.8148
train_132,0,0,0,0,0,0,0,0,0,0,0,0,3,1,1,2,0,3,0,0,16,62.5000
train_1327,0,0,0,0,0,0,0,0,0,0,0,0,8,0,1,1,0,2,1,0,18,69.4444
train_1205,1,0,0,0,1,0,0,0,0,0,0,0,3,1,1,1,0,1,0,0,13,69.2308
train_676,1,0,0,0,0,0,0,0,0,0,0,0,6,5,3,3,1,2,2,0,30,70.0000
train_1020,1,1,0,1,0,0,1,0,0,0,0,0,5,1,5,5,0,3,0,0,29,72.4138
train_1444,1,1,0,0,0,0,0,0,0,0,0,0,2,0,0,2,0,0,0,0,20,60.0000
train_333,1,1,0,0,0,0,0,0,0,0,0,0,4,1,2,3,0,2,0,0,17,73.5294
train_1326,1,0,0,0,1,1,0,0,0,0,0,0,2,2,3,2,1,4,0,0,24,58.3333
train_1282,1,0,0,0,0,1,0,0,1,0,0,0,9,1,8,6,0,3,0,0,40,76.2500
train_999,1,0,0,0,0,1,0,0,0,0,0,0,3,0,2,1,1,1,3,0,16,53.1250
train_1196,1,0,0,0,0,0,1,0,0,0,0,0,4,5,1,2,2,3,3,0,27,57.4074
train_1030,1,0,0,0,1,0,0,0,0,0,0,0,4,2,3,2,0,3,0,0,20,70.0000
train_227,0,0,0,0,0,0,0,0,0,0,0,0,4,0,3,2,2,1,1,0,16,65.6250
train_634,0,0,0,0,0,0,0,0,0,0,0,0,3,1,1,0,7,5,1,0,28,35.7143
train_1060,1,1,0,0,0,0,0,0,0,0,0,0,5,2,2,2,0,5,2,0,27,57.4074
train_318,1,0,0,0,0,0,0,0,0,0,0,0,6,1,3,2,1,4,1,0,28,60.7143
train_685,1,1,0,0,0,0,1,0,0,0,0,0,5,4,6,6,0,0,2,0,39,74.3590
train_744,1,0,1,0,0,1,1,0,0,0,0,0,3,2,1,3,0,2,0,0,24,64.5833
train_1507,0,0,0,0,0,0,0,0,0,0,0,0,5,1,2,0,2,1,0,0,16,65.6250
train_16,1,1,1,0,0,0,0,0,0,1,0,0,7,1,4,2,0,1,1,0,26,73.0769
train_745,0,0,0,0,0,0,0,0,0,0,0,0,8,0,3,1,0,3,0,0,21,71.4286
train_567,1,0,0,0,0,0,0,0,0,0,0,0,4,2,1,1,0,2,0,0,16,68.7500
train_228,1,0,0,0,0,0,0,0,0,0,0,0,6,0,2,2,1,5,3,0,25,52.0000
train_513,0,0,0,0,0,0,0,0,0,0,0,0,8,3,1,1,7,6,0,0,36,50.0000
train_1225,0,0,0,0,0,0,0,0,0,0,0,0,2,2,0,1,2,2,3,0,17,44.1176
train_1260,0,0,0,0,0,0,0,0,0,0,0,0,4,3,3,2,1,3,0,0,22,68.1818
train_428,1,0,1,0,1,1,0,0,0,0,0,0,3,1,2,2,0,1,0,0,19,68.4211
train_1051,1,0,0,0,1,1,0,0,0,0,0,0,2,1,3,1,1,2,0,0,26,57.6923
train_433,1,0,0,0,0,1,0,0,0,0,0,0,2,1,1,1,1,2,0,0,12,58.3333
train_514,0,0,0,0,0,0,0,0,0,0,0,0,6,0,3,4,1,5,0,0,27,62.9630
train_168,1,0,0,0,0,1,0,0,0,0,0,0,3,1,2,2,0,1,0,0,13,76.9231
train_1049,1,0,0,0,0,0,0,0,1,0,0,0,4,5,1,1,1,3,1,0,21,64.2857
train_1114,1,0,1,0,0,0,0,0,0,0,0,0,9,2,4,3,0,2,1,0,26,78.8462
train_1366,0,0,0,0,0,0,0,0,0,0,0,0,4,2,2,1,0,1,2,0,16,68.7500
train_506,0,0,0,0,0,0,0,0,0,0,0,0,8,3,1,2,3,4,1,0,32,59.3750
train_251,1,0,0,0,0,1,0,0,0,0,0,0,3,0,1,2,0,0,1,0,13,69.2308
train_1487,0,0,0,0,0,0,0,0,0,0,0,0,5,1,0,2,0,2,1,0,16,65.6250
train_401,1,0,0,0,0,1,0,0,0,0,0,0,2,0,2,1,0,0,2,0,14,60.7143
train_1312,0,0,0,0,0,0,0,0,0,0,0,0,3,3,2,2,2,6,2,0,29,50.0000
train_476,1,0,1,0,1,0,0,0,0,0,0,0,5,1,2,3,1,3,1,0,27,61.1111
train_1284,0,0,0,0,0,0,0,0,0,0,0,0,4,5,3,1,4,1,2,0,28,60.7143
train_329,0,0,0,0,0,0,0,0,0,0,0,0,0,0,2,0,2,2,0,0,10,40.0000
train_307,0,0,0,0,0,0,0,0,0,0,0,0,5,1,2,1,0,1,0,0,12,83.3333
train_594,0,0,0,0,0,0,0,0,0,0,0,0,5,1,1,1,0,4,1,0,23,56.5217
train_1185,0,0,0,0,0,0,0,0,0,0,0,0,4,4,2,0,2,2,1,0,17,64.7059
train_101,0,0,0,0,0,0,0,0,0,0,0,0,10,0,3,5,1,3,0,0,30,73.3333
train_440,1,0,0,0,0,1,0,0,0,0,0,0,3,1,2,2,0,3,1,0,22,59.0909
train_981,0,0,0,0,0,0,0,0,0,0,0,0,5,4,3,2,0,1,2,0,21,76.1905
train_1466,1,0,0,0,1,0,0,0,0,1,0,0,2,1,3,2,1,1,0,0,19,65.7895
train_443,1,0,1,0,0,1,0,0,0,0,0,0,2,2,2,3,0,1,1,0,14,75.0000
train_1043,1,1,1,0,0,0,0,0,0,0,0,0,4,2,4,5,0,4,1,0,33,65.1515
train_188,1,0,0,0,0,0,0,0,0,0,0,0,7,1,5,4,1,3,0,0,28,73.2143
train_496,1,1,0,0,1,0,0,0,0,0,0,0,4,1,4,2,0,3,1,0,24,64.5833
train_716,0,0,0,0,0,0,0,0,0,0,0,0,3,2,2,1,3,2,1,0,19,55.2632
train_1175,1,0,1,0,0,1,0,0,1,0,0,0,6,5,4,3,0,0,1,0,30,78.3333
train_1336,1,0,0,0,1,0,0,0,0,0,0,0,2,1,1,1,0,2,0,0,12,62.5000
train_616,1,1,0,0,1,1,1,0,0,0,0,0,4,4,3,3,2,3,1,0,32,62.5000
train_96,0,0,0,0,0,0,0,0,0,0,0,0,1,0,0,1,0,2,0,0,7,50.0000
train_280,1,1,0,0,1,1,0,0,0,0,0,0,6,1,5,5,2,2,1,0,33,68.1818
train_1305,1,0,1,0,0,0,0,0,0,0,0,0,2,2,1,0,0,1,3,0,14,53.5714
train_1140,1,0,1,0,0,1,0,0,0,0,0,0,5,2,3,4,0,3,2,0,23,69.5652
train_1035,0,0,0,0,0,0,0,0,0,0,0,0,8,1,4,2,1,2,1,0,25,72.0000
train_1351,0,0,0,0,0,0,0,0,0,0,0,0,5,3,3,1,1,4,0,0,20,67.5000
train_1471,1,0,0,0,0,0,0,0,1,0,0,0,5,3,3,2,1,2,2,0,30,63.3333
train_1204,1,0,1,0,0,0,0,0,0,0,0,0,3,1,2,4,3,2,0,0,19,63.1579
train_1431,0,0,0,0,0,0,0,0,0,0,0,0,5,1,1,1,1,4,2,0,19,52.6316
train_1291,0,0,0,0,0,0,0,0,0,0,0,0,8,2,3,3,1,5,1,0,26,67.3077
train_480,0,0,0,0,0,0,0,0,0,0,0,0,7,3,7,5,3,4,1,0,35,70.0000
train_287,1,0,1,0,1,0,0,0,0,0,0,0,3,2,6,4,0,1,1,0,31,70.9677
train_43,1,0,0,0,0,0,1,0,0,0,0,0,8,1,3,3,0,4,0,0,31,67.7419
train_811,1,0,0,0,0,0,0,0,0,0,0,0,13,2,3,0,0,4,1,0,37,67.5676
train_949,0,0,0,0,0,0,0,0,0,0,0,0,4,2,1,1,6,4,1,0,29,44.8276
train_1000,1,0,0,0,0,1,0,0,0,0,0,0,4,1,2,2,1,2,0,0,17,67.6471
train_839,0,0,0,0,0,0,0,0,0,0,0,0,8,5,1,0,0,2,1,0,22,75.0000
train_1387,0,0,0,0,0,0,0,0,0,0,0,0,9,3,5,5,1,3,0,0,31,79.0323
train_268,1,0,0,0,1,1,0,0,0,0,0,0,7,0,2,5,2,3,0,0,26,67.3077
train_806,0,0,0,0,0,0,0,0,0,0,0,0,5,0,2,2,1,5,2,0,24,52.0833
train_336,1,1,1,0,0,0,0,0,0,0,0,0,3,2,1,1,0,1,0,0,17,67.6471
train_1097,0,0,0,0,0,0,0,0,0,0,0,0,10,3,4,1,2,3,1,0,31,69.3548
train_1201,1,1,0,0,0,1,0,0,0,0,0,0,0,0,1,1,0,2,0,0,20,50.0000
train_197,1,1,0,0,0,0,0,0,0,0,0,0,2,2,2,2,0,2,0,0,17,67.6471
train_1234,0,0,0,0,0,0,0,0,0,0,0,0,5,0,2,1,1,2,0,0,14,67.8571
train_817,1,0,0,0,1,0,0,0,0,0,0,0,4,0,2,1,0,4,0,0,18,58.3333
train_766,0,0,0,0,0,0,0,0,0,0,0,0,5,2,2,2,1,1,0,0,18,75.0000
train_917,0,0,0,0,0,0,0,0,0,0,0,0,5,4,0,2,3,3,7,0,39,47.4359
train_976,1,0,1,0,0,1,0,0,0,0,0,0,7,1,3,6,0,5,3,0,34,63.2353
train_672,1,0,0,0,0,0,0,0,0,0,0,0,4,1,3,2,0,1,1,0,16,75.0000
train_754,1,0,1,0,0,0,0,0,0,0,0,0,4,2,2,1,2,2,0,0,23,60.8696
train_1427,0,0,0,0,0,0,0,0,0,0,0,0,3,5,1,1,0,2,2,0,25,62.0000
train_286,1,0,0,0,1,1,0,0,0,0,0,0,1,0,1,1,1,2,0,0,12,50.0000
train_1009,0,0,0,0,0,0,0,0,0,0,0,0,6,1,3,2,5,6,1,0,36,50.0000
train_340,0,0,0,0,0,0,0,0,0,0,0,0,3,2,4,2,2,3,2,0,23,58.6957
train_1461,1,0,0,0,0,1,0,0,0,0,0,0,1,1,2,1,0,1,2,0,12,58.3333
train_784,1,0,0,0,0,0,0,0,0,0,0,0,8,3,2,3,0,2,1,0,24,77.0833
train_1397,0,0,0,0,0,0,0,0,0,0,0,0,6,4,1,1,0,5,1,0,26,61.5385
train_1500,0,0,0,0,0,0,0,0,0,0,0,0,7,2,3,2,1,3,2,0,24,66.6667
train_925,0,0,0,0,0,0,0,0,0,0,0,0,4,1,1,0,0,2,5,0,15,46.6667
train_801,0,0,0,0,0,0,0,0,0,0,0,0,3,1,2,0,2,3,3,0,21,45.2381
train_402,0,0,0,0,0,0,0,0,0,0,0,0,5,1,2,1,0,3,1,0,18,63.8889
train_438,1,1,1,0,0,0,0,0,0,0,0,0,3,0,2,2,2,3,0,0,24,54.1667
train_1419,1,0,1,0,1,0,0,0,0,0,0,0,5,4,6,6,0,2,1,0,34,76.4706
train_240,1,0,0,0,1,0,0,0,1,0,0,0,5,3,3,2,2,4,0,0,31,61.2903
train_284,1,0,0,0,0,1,0,0,0,0,0,0,4,1,2,1,0,1,1,0,15,70.0000
train_598,0,0,0,0,0,0,0,0,0,0,0,0,4,1,3,1,3,4,0,0,23,54.3478
train_874,0,0,0,0,0,0,0,0,0,0,0,0,2,1,1,2,1,4,1,0,18,50.0000
train_396,1,0,1,0,1,0,0,0,0,0,0,0,6,4,2,2,1,2,2,0,28,66.0714
train_479,0,0,0,0,0,0,0,0,0,0,0,0,4,5,2,2,2,4,4,0,29,55.1724
train_389,1,1,1,0,0,1,0,0,0,0,0,0,5,1,7,2,5,3,0,0,31,61.2903
train_866,0,0,0,0,0,0,0,0,0,0,0,0,5,8,5,0,0,0,3,0,28,76.7857
train_1448,0,0,0,0,0,0,0,0,0,0,0,0,7,2,3,1,1,3,1,0,24,66.6667
train_1241,0,0,0,0,0,0,0,0,0,0,0,0,10,2,5,2,1,3,1,0,28,75.0000
train_932,0,0,0,0,0,0,0,0,0,0,0,0,5,3,5,3,1,3,0,0,24,75.0000
train_648,0,0,0,0,0,0,0,0,0,0,0,0,5,1,3,3,6,5,2,0,29,48.2759
train_808,0,0,0,0,0,0,0,0,0,0,0,0,6,1,2,1,2,2,2,0,23,58.6957
train_723,1,0,1,0,0,0,0,0,0,0,0,0,5,4,4,4,0,2,1,0,24,79.1667
train_27,1,1,0,0,0,0,0,0,0,0,0,0,8,3,3,5,3,3,0,0,42,65.4762
train_1369,1,0,0,0,1,0,0,0,0,0,0,0,5,3,4,3,0,2,0,0,29,72.4138
train_780,0,1,0,0,0,0,0,0,0,0,0,0,5,2,2,3,0,1,2,0,23,69.5652
train_74,1,1,0,0,1,0,0,0,0,0,0,0,11,3,7,4,2,3,1,0,51,68.6275
train_1076,1,1,0,0,0,1,0,0,0,0,0,0,2,0,6,1,3,4,0,0,32,53.1250
train_141,1,0,0,0,0,0,0,0,0,0,0,0,3,1,1,0,1,3,1,0,20,50.0000
train_1311,0,0,0,0,0,0,0,0,0,0,0,0,8,1,2,3,1,4,0,0,26,67.3077
train_1162,0,0,0,0,0,0,0,0,0,0,0,0,5,1,3,3,3,2,0,0,25,64.0000
train_1295,1,0,0,0,0,0,0,0,0,0,0,0,4,1,0,0,0,2,2,0,16,53.1250
train_236,0,0,0,0,0,0,0,0,0,0,0,0,2,0,0,2,4,6,2,0,24,33.3333
train_178,1,0,0,0,0,1,0,0,0,0,0,0,6,1,3,3,0,1,0,0,18,83.3333
train_535,0,0,0,0,0,0,0,0,0,0,0,0,5,2,2,1,1,2,2,0,18,63.8889
train_1081,1,1,0,0,1,0,0,0,0,0,0,0,3,2,3,3,0,0,2,0,21,71.4286
train_79,1,0,0,0,1,1,0,0,0,0,0,0,4,1,4,1,0,1,0,0,17,76.4706
train_1090,0,0,0,0,0,0,0,0,0,0,0,0,3,2,1,2,0,2,1,0,18,63.8889
train_211,0,0,0,0,0,0,0,0,0,0,0,0,2,0,0,2,0,2,0,0,9,61.1111
train_173,1,1,0,0,0,0,0,0,0,0,0,0,3,0,1,2,0,2,0,0,16,62.5000
train_200,1,1,0,0,0,0,0,0,0,0,0,0,2,0,3,2,2,3,0,0,18,55.5556
train_1239,0,0,0,0,0,0,0,0,0,0,0,0,5,1,1,3,2,3,0,0,19,63.1579
train_436,1,0,0,0,1,1,0,0,0,0,0,0,3,0,3,3,1,3,0,0,19,63.1579
train_260,0,0,0,0,0,0,0,0,0,0,0,0,9,0,3,0,0,3,0,0,22,70.4545
train_1108,0,0,1,0,0,0,0,0,0,0,0,0,6,2,1,2,0,4,0,0,22,65.9091
train_1415,0,0,0,0,0,0,0,0,0,0,0,0,4,4,2,3,0,1,0,0,17,85.2941
train_781,0,0,0,0,0,0,0,0,0,0,0,0,4,1,2,1,2,1,1,0,19,60.5263
train_979,0,0,0,0,0,0,0,0,0,0,0,0,7,1,3,3,1,2,0,0,23,73.9130
train_119,1,1,1,0,0,1,0,0,0,0,0,0,6,1,2,3,1,2,0,0,23,69.5652
train_365,0,0,0,0,0,0,0,0,0,0,0,0,3,1,2,3,0,3,1,0,18,63.8889
train_355,0,0,0,0,0,0,0,0,0,0,0,0,8,4,5,7,1,3,1,0,34,77.9412
train_940,0,0,0,0,0,0,0,0,0,0,0,0,1,2,2,1,4,4,0,0,20,45.0000
train_139,0,0,0,0,0,0,0,0,0,0,0,0,5,0,3,1,0,4,0,0,17,64.7059
train_520,0,0,0,0,0,0,0,0,0,0,0,0,8,2,4,2,0,1,0,0,23,82.6087
train_1153,0,0,0,0,0,0,0,0,0,0,0,0,7,4,4,1,1,1,2,0,23,76.0870
train_450,1,0,0,0,0,1,0,0,0,0,0,0,4,0,5,4,0,1,4,0,24,66.6667
train_441,1,0,0,0,0,1,0,0,0,0,0,0,2,2,2,1,1,2,0,0,17,61.7647
train_1039,0,0,0,0,0,0,0,0,0,0,0,0,2,0,1,1,6,3,0,0,15,33.3333
train_950,0,0,0,0,0,0,0,0,0,0,0,0,8,0,3,2,3,7,1,0,33,53.0303
train_1316,1,0,0,1,0,1,0,0,0,0,0,0,5,2,2,3,0,3,0,0,24,68.7500
train_929,0,0,0,0,0,0,0,0,0,0,0,0,4,0,2,1,0,3,5,0,18,47.2222
train_1297,0,0,0,0,0,0,0,0,0,0,0,0,5,1,6,3,6,6,0,0,35,54.2857
train_28,1,0,1,0,0,0,0,0,0,0,0,0,1,0,3,2,0,4,0,0,20,55.0000
train_878,0,0,0,0,0,0,0,0,0,0,0,0,6,3,2,3,1,1,0,0,24,75.0000
train_397,1,0,0,0,0,1,0,0,0,0,0,0,3,1,3,2,1,2,1,0,24,60.4167
train_651,0,0,0,0,0,0,0,0,0,0,0,0,12,2,2,5,1,4,1,0,38,69.7368
train_968,1,0,0,0,0,0,0,0,0,0,0,0,0,0,1,1,1,1,0,0,10,50.0000
train_505,0,0,0,0,0,0,0,0,0,0,0,0,5,0,2,3,0,1,1,0,15,76.6667
train_818,1,1,0,0,1,1,0,0,0,0,0,0,2,0,4,0,1,3,1,0,28,51.7857
train_1344,0,0,0,0,0,0,0,0,0,0,0,0,4,1,1,0,2,1,2,0,17,52.9412
train_470,1,1,0,0,0,0,0,0,0,0,0,0,6,2,4,2,1,3,2,0,30,63.3333
train_583,0,0,0,0,0,0,0,0,0,0,0,0,9,3,5,2,0,3,1,0,30,75.0000
train_765,1,0,0,0,0,0,0,0,0,0,0,0,5,3,2,1,2,1,4,0,25,58.0000
train_1040,1,0,0,0,0,0,0,0,0,1,0,0,5,1,2,2,2,1,1,0,31,59.6774
train_417,1,0,0,0,0,1,0,0,0,0,0,0,4,2,3,2,2,5,3,0,29,51.7241
train_1110,1,0,0,0,1,1,0,0,0,0,0,0,0,0,2,1,0,2,0,0,16,53.1250
train_629,0,0,0,0,0,0,0,0,0,0,0,0,7,3,3,1,0,4,0,0,24,70.8333
train_545,0,0,1,0,0,0,0,0,0,0,0,0,3,2,2,1,0,3,0,0,13,69.2308
train_909,0,0,0,0,0,0,0,0,0,0,0,0,4,0,2,2,2,3,1,0,21,54.7619
train_763,1,0,0,0,1,1,0,0,0,0,0,0,4,1,2,2,0,5,0,0,26,57.6923
train_1091,0,0,0,0,0,0,0,0,0,0,0,0,5,0,0,2,1,6,1,0,22,47.7273
train_380,1,1,0,0,1,0,1,0,0,0,0,0,5,0,5,7,1,5,1,0,37,63.5135
train_1456,0,0,0,0,0,0,0,0,0,0,0,0,9,5,6,7,8,7,5,1,67,54.4776
train_661,0,0,0,0,0,0,0,0,0,0,0,0,7,2,0,1,0,0,0,0,17,79.4118
train_1335,0,0,0,0,0,0,0,0,0,0,0,0,9,3,1,1,0,5,0,0,25,68.0000
train_1144,1,0,0,0,0,1,0,0,0,0,0,0,6,1,3,3,1,6,2,0,32,56.2500
train_1324,0,0,0,0,0,0,0,0,0,0,0,0,3,2,2,1,2,2,0,0,14,64.2857
train_303,1,0,1,0,1,0,0,0,1,0,0,0,3,1,2,1,2,3,1,0,23,52.1739
train_885,1,0,0,0,0,1,0,0,0,0,0,0,3,1,4,1,1,1,1,0,21,64.2857
train_272,1,1,0,0,0,1,0,0,0,0,0,0,5,2,4,1,1,3,2,0,27,61.1111
train_543,1,0,0,0,0,0,1,0,0,0,0,0,11,3,7,9,1,3,1,0,41,80.4878
train_392,1,0,1,0,1,0,0,0,0,0,0,1,6,6,3,3,1,1,2,0,36,69.4444
train_1244,1,0,1,1,0,0,0,0,0,0,0,0,1,1,1,1,0,0,0,0,9,72.2222
train_1498,0,0,0,0,0,0,0,0,0,0,0,0,6,2,5,4,1,1,1,0,25,78.0000
train_1409,1,0,0,0,1,1,0,0,0,0,0,0,9,2,7,8,0,4,2,0,47,71.2766
train_628,0,0,0,0,0,0,0,0,0,0,0,0,4,2,2,1,0,1,0,0,13,80.7692
train_1171,0,0,0,0,0,0,0,0,0,0,0,0,7,1,3,4,0,4,2,0,27,66.6667
train_1446,1,0,1,0,0,0,0,0,0,0,0,0,3,3,2,3,0,3,1,0,27,62.9630
train_675,1,0,0,0,1,0,0,0,0,0,0,0,7,2,4,4,0,3,2,0,29,70.6897
train_836,0,0,0,0,0,0,0,0,0,0,0,0,4,2,3,1,2,5,7,0,31,43.5484
train_739,1,1,0,0,0,0,1,0,0,0,0,0,7,0,4,2,1,1,0,0,29,68.9655
train_372,1,0,0,0,1,0,0,0,0,0,0,0,3,1,2,3,1,3,0,0,18,63.8889
train_775,1,0,0,0,1,0,0,0,0,0,0,0,4,3,1,0,2,2,1,0,21,57.1429
train_1502,0,0,0,0,1,0,0,0,0,0,0,0,6,5,1,5,0,1,3,0,27,74.0741
train_622,0,0,0,0,0,0,0,0,0,0,0,0,9,1,3,5,0,5,2,0,33,66.6667
train_1236,0,0,0,0,0,0,0,0,0,0,0,0,6,5,2,4,0,3,1,0,26,75.0000
