{
  "stcd98lb": {
    "test_accuracy": 0.9160481095314026,
    "test_f1": 0.5637965202331543,
    "model_id": "NeMo_ambernet",
    "model_size": 28978625
  },
  "phda5hx4": {
    "test_accuracy": 0.8178468942642212,
    "test_f1": 0.293720006942749,
    "model_id": "speechbrain/lang-id-voxlingua107-ecapa",
    "model_size": 21272657
  },
  "9pxjgbzf": {
    "test_accuracy": 0.9778403639793396,
    "test_f1": 0.7610076665878296,
    "model_id": "facebook/wav2vec2-xls-r-300m",
    "model_size": 315543270
  },
  "j48fhybx": {
    "test_accuracy": 0.9612342119216919,
    "test_f1": 0.7612249255180359,
    "model_id": "facebook/mms-lid-126",
    "model_size": 964779238
  },
  "r4nxhb8q": {
    "test_accuracy": 0.9638348817825317,
    "test_f1": 0.7337053418159485,
    "model_id": "facebook/mms-lid-256",
    "model_size": 964779238
  },
  "dauntvri": {
    "test_accuracy": 0.9661645889282227,
    "test_f1": 0.7119395732879639,
    "model_id": "facebook/mms-lid-4017",
    "model_size": 964779238
  },
  "tjbicd0j": {
    "test_accuracy": 0.8335049152374268,
    "test_f1": 0.21850068867206573,
    "model_id": "openai/whisper-tiny",
    "model_size": 37223910
  },
  "d46pizts": {
    "test_accuracy": 0.8390041589736938,
    "test_f1": 0.4622519910335541,
    "model_id": "openai/whisper-medium",
    "model_size": 762426470
  },
  "2m2wl1o9": {
    "test_accuracy": 0.8535515069961548,
    "test_f1": 0.2876339554786682,
    "model_id": "openai/whisper-base",
    "model_size": 71878246
  },
  "rzw723vt": {
    "test_accuracy": 0.8926423788070679,
    "test_f1": 0.4571288824081421,
    "model_id": "openai/whisper-small",
    "model_size": 240661350
  },
  "aec66q5z": {
    "test_accuracy": 0.9140434265136719,
    "test_f1": 0.5854838490486145,
    "model_id": "openai/whisper-large-v3-turbo",
    "model_size": 807088742
  },
  "ei82cxxg": {
    "test_accuracy": 0.7874248027801514,
    "test_f1": 0.3171482980251312,
    "model_id": "mms-meta/mms-zeroshot-300m",
    "model_size": 315543270
  },
  "l4yrl0zm": {
    "test_accuracy": 0.4999729096889496,
    "test_f1": 0.06412126123905182,
    "model_id": "baseline/CNN6",
    "model_size": 1237286
  },
  "6rsv6taf": {
    "test_accuracy": 0.5862274765968323,
    "test_f1": 0.10026916116476059,
    "model_id": "baseline/CNN10",
    "model_size": 4738598
  }
}